name,position,year,round
L. Hamilton,1,2008,1
N. Rosberg,3,2008,1
F. Alonso,4,2008,1
K. Räikkönen,8,2008,1
S. Vettel,,2008,1
K. Räikkönen,1,2008,2
L. Hamilton,5,2008,2
F. Alonso,8,2008,2
N. Rosberg,14,2008,2
S. Vettel,,2008,2
K. Räikkönen,2,2008,3
N. Rosberg,8,2008,3
F. Alonso,10,2008,3
L. Hamilton,13,2008,3
S. Vettel,,2008,3
K. Räikkönen,1,2008,4
L. Hamilton,3,2008,4
N. Rosberg,,2008,4
F. Alonso,,2008,4
S. Vettel,,2008,4
L. Hamilton,2,2008,5
K. Räikkönen,3,2008,5
F. Alonso,6,2008,5
N. Rosberg,8,2008,5
S. Vettel,17,2008,5
L. Hamilton,1,2008,6
S. Vettel,5,2008,6
K. Räikkönen,9,2008,6
F. Alonso,10,2008,6
N. Rosberg,,2008,6
S. Vettel,8,2008,7
N. Rosberg,10,2008,7
F. Alonso,,2008,7
K. Räikkönen,,2008,7
L. Hamilton,,2008,7
K. Räikkönen,2,2008,8
F. Alonso,8,2008,8
L. Hamilton,10,2008,8
S. Vettel,12,2008,8
N. Rosberg,16,2008,8
L. Hamilton,1,2008,9
K. Räikkönen,4,2008,9
F. Alonso,6,2008,9
N. Rosberg,9,2008,9
S. Vettel,,2008,9
L. Hamilton,1,2008,10
K. Räikkönen,6,2008,10
S. Vettel,8,2008,10
N. Rosberg,10,2008,10
F. Alonso,11,2008,10
K. Räikkönen,3,2008,11
F. Alonso,4,2008,11
L. Hamilton,5,2008,11
N. Rosberg,14,2008,11
S. Vettel,,2008,11
L. Hamilton,2,2008,12
S. Vettel,6,2008,12
N. Rosberg,8,2008,12
K. Räikkönen,,2008,12
F. Alonso,,2008,12
L. Hamilton,3,2008,13
F. Alonso,4,2008,13
S. Vettel,5,2008,13
N. Rosberg,12,2008,13
K. Räikkönen,18,2008,13
S. Vettel,1,2008,14
F. Alonso,4,2008,14
L. Hamilton,7,2008,14
K. Räikkönen,9,2008,14
N. Rosberg,14,2008,14
F. Alonso,1,2008,15
N. Rosberg,2,2008,15
L. Hamilton,3,2008,15
S. Vettel,5,2008,15
K. Räikkönen,15,2008,15
F. Alonso,1,2008,16
K. Räikkönen,3,2008,16
S. Vettel,6,2008,16
N. Rosberg,11,2008,16
L. Hamilton,12,2008,16
L. Hamilton,1,2008,17
K. Räikkönen,3,2008,17
F. Alonso,4,2008,17
S. Vettel,9,2008,17
N. Rosberg,15,2008,17
F. Alonso,2,2008,18
K. Räikkönen,3,2008,18
S. Vettel,4,2008,18
L. Hamilton,5,2008,18
N. Rosberg,12,2008,18
K. Räikkönen,1,2007,1
F. Alonso,2,2007,1
L. Hamilton,3,2007,1
N. Rosberg,7,2007,1
F. Alonso,1,2007,2
L. Hamilton,2,2007,2
K. Räikkönen,3,2007,2
N. Rosberg,,2007,2
L. Hamilton,2,2007,3
K. Räikkönen,3,2007,3
F. Alonso,5,2007,3
N. Rosberg,10,2007,3
L. Hamilton,2,2007,4
F. Alonso,3,2007,4
N. Rosberg,6,2007,4
K. Räikkönen,,2007,4
F. Alonso,1,2007,5
L. Hamilton,2,2007,5
K. Räikkönen,8,2007,5
N. Rosberg,12,2007,5
L. Hamilton,1,2007,6
K. Räikkönen,5,2007,6
F. Alonso,7,2007,6
N. Rosberg,10,2007,6
L. Hamilton,1,2007,7
F. Alonso,2,2007,7
K. Räikkönen,4,2007,7
S. Vettel,8,2007,7
N. Rosberg,16,2007,7
K. Räikkönen,1,2007,8
L. Hamilton,3,2007,8
F. Alonso,7,2007,8
N. Rosberg,9,2007,8
K. Räikkönen,1,2007,9
F. Alonso,2,2007,9
L. Hamilton,3,2007,9
N. Rosberg,12,2007,9
F. Alonso,1,2007,10
L. Hamilton,9,2007,10
K. Räikkönen,,2007,10
N. Rosberg,,2007,10
L. Hamilton,1,2007,11
K. Räikkönen,2,2007,11
F. Alonso,4,2007,11
N. Rosberg,7,2007,11
S. Vettel,16,2007,11
K. Räikkönen,2,2007,12
F. Alonso,3,2007,12
L. Hamilton,5,2007,12
N. Rosberg,7,2007,12
S. Vettel,19,2007,12
F. Alonso,1,2007,13
L. Hamilton,2,2007,13
K. Räikkönen,3,2007,13
N. Rosberg,6,2007,13
S. Vettel,18,2007,13
K. Räikkönen,1,2007,14
F. Alonso,3,2007,14
L. Hamilton,4,2007,14
N. Rosberg,6,2007,14
S. Vettel,,2007,14
L. Hamilton,1,2007,15
K. Räikkönen,3,2007,15
N. Rosberg,,2007,15
S. Vettel,,2007,15
F. Alonso,,2007,15
K. Räikkönen,1,2007,16
F. Alonso,2,2007,16
S. Vettel,4,2007,16
N. Rosberg,16,2007,16
L. Hamilton,,2007,16
K. Räikkönen,1,2007,17
F. Alonso,3,2007,17
N. Rosberg,4,2007,17
L. Hamilton,7,2007,17
S. Vettel,,2007,17
F. Alonso,1,2006,1
M. Schumacher,2,2006,1
K. Räikkönen,3,2006,1
N. Rosberg,7,2006,1
F. Alonso,2,2006,2
M. Schumacher,6,2006,2
N. Rosberg,,2006,2
K. Räikkönen,,2006,2
F. Alonso,1,2006,3
K. Räikkönen,2,2006,3
M. Schumacher,,2006,3
N. Rosberg,,2006,3
M. Schumacher,1,2006,4
F. Alonso,2,2006,4
K. Räikkönen,5,2006,4
N. Rosberg,11,2006,4
M. Schumacher,1,2006,5
F. Alonso,2,2006,5
K. Räikkönen,4,2006,5
N. Rosberg,7,2006,5
F. Alonso,1,2006,6
M. Schumacher,2,2006,6
K. Räikkönen,5,2006,6
N. Rosberg,11,2006,6
F. Alonso,1,2006,7
M. Schumacher,5,2006,7
N. Rosberg,,2006,7
K. Räikkönen,,2006,7
F. Alonso,1,2006,8
M. Schumacher,2,2006,8
K. Räikkönen,3,2006,8
N. Rosberg,9,2006,8
F. Alonso,1,2006,9
M. Schumacher,2,2006,9
K. Räikkönen,3,2006,9
N. Rosberg,,2006,9
M. Schumacher,1,2006,10
F. Alonso,5,2006,10
N. Rosberg,9,2006,10
K. Räikkönen,,2006,10
M. Schumacher,1,2006,11
F. Alonso,2,2006,11
K. Räikkönen,5,2006,11
N. Rosberg,14,2006,11
M. Schumacher,1,2006,12
K. Räikkönen,3,2006,12
F. Alonso,5,2006,12
N. Rosberg,,2006,12
M. Schumacher,8,2006,13
F. Alonso,,2006,13
K. Räikkönen,,2006,13
N. Rosberg,,2006,13
F. Alonso,2,2006,14
M. Schumacher,3,2006,14
N. Rosberg,,2006,14
K. Räikkönen,,2006,14
M. Schumacher,1,2006,15
K. Räikkönen,2,2006,15
F. Alonso,,2006,15
N. Rosberg,,2006,15
M. Schumacher,1,2006,16
F. Alonso,2,2006,16
N. Rosberg,11,2006,16
K. Räikkönen,,2006,16
F. Alonso,1,2006,17
K. Räikkönen,5,2006,17
N. Rosberg,10,2006,17
M. Schumacher,,2006,17
F. Alonso,2,2006,18
M. Schumacher,4,2006,18
K. Räikkönen,5,2006,18
N. Rosberg,,2006,18
F. Alonso,3,2005,1
K. Räikkönen,8,2005,1
M. Schumacher,,2005,1
F. Alonso,1,2005,2
M. Schumacher,7,2005,2
K. Räikkönen,9,2005,2
F. Alonso,1,2005,3
K. Räikkönen,3,2005,3
M. Schumacher,,2005,3
F. Alonso,1,2005,4
M. Schumacher,2,2005,4
K. Räikkönen,,2005,4
K. Räikkönen,1,2005,5
F. Alonso,2,2005,5
M. Schumacher,,2005,5
K. Räikkönen,1,2005,6
F. Alonso,4,2005,6
M. Schumacher,7,2005,6
F. Alonso,1,2005,7
M. Schumacher,5,2005,7
K. Räikkönen,11,2005,7
K. Räikkönen,1,2005,8
M. Schumacher,2,2005,8
F. Alonso,,2005,8
M. Schumacher,1,2005,9
K. Räikkönen,,2005,9
F. Alonso,,2005,9
F. Alonso,1,2005,10
K. Räikkönen,2,2005,10
M. Schumacher,3,2005,10
F. Alonso,2,2005,11
K. Räikkönen,3,2005,11
M. Schumacher,6,2005,11
F. Alonso,1,2005,12
M. Schumacher,5,2005,12
K. Räikkönen,,2005,12
K. Räikkönen,1,2005,13
M. Schumacher,2,2005,13
F. Alonso,11,2005,13
K. Räikkönen,1,2005,14
F. Alonso,2,2005,14
M. Schumacher,,2005,14
F. Alonso,2,2005,15
K. Räikkönen,4,2005,15
M. Schumacher,10,2005,15
F. Alonso,6,2003,4
K. Räikkönen,1,2005,16
F. Alonso,2,2005,16
M. Schumacher,,2005,16
K. Räikkönen,2,2005,17
F. Alonso,3,2005,17
M. Schumacher,4,2005,17
K. Räikkönen,1,2005,18
F. Alonso,3,2005,18
M. Schumacher,7,2005,18
F. Alonso,1,2005,19
K. Räikkönen,2,2005,19
M. Schumacher,,2005,19
M. Schumacher,1,2004,1
F. Alonso,3,2004,1
K. Räikkönen,,2004,1
M. Schumacher,1,2004,2
F. Alonso,7,2004,2
K. Räikkönen,,2004,2
M. Schumacher,1,2004,3
F. Alonso,6,2004,3
K. Räikkönen,,2004,3
M. Schumacher,1,2004,4
F. Alonso,4,2004,4
K. Räikkönen,8,2004,4
M. Schumacher,1,2004,5
F. Alonso,4,2004,5
K. Räikkönen,11,2004,5
M. Schumacher,,2004,6
F. Alonso,,2004,6
K. Räikkönen,,2004,6
M. Schumacher,1,2004,7
F. Alonso,5,2004,7
K. Räikkönen,,2004,7
M. Schumacher,1,2004,8
K. Räikkönen,5,2004,8
F. Alonso,,2004,8
M. Schumacher,1,2004,9
K. Räikkönen,6,2004,9
F. Alonso,,2004,9
M. Schumacher,1,2004,10
F. Alonso,2,2004,10
K. Räikkönen,7,2004,10
M. Schumacher,1,2004,11
K. Räikkönen,2,2004,11
F. Alonso,10,2004,11
M. Schumacher,1,2004,12
F. Alonso,3,2004,12
K. Räikkönen,,2004,12
M. Schumacher,1,2004,13
F. Alonso,3,2004,13
K. Räikkönen,,2004,13
K. Räikkönen,1,2004,14
M. Schumacher,2,2004,14
F. Alonso,,2004,14
M. Schumacher,2,2004,15
F. Alonso,,2004,15
K. Räikkönen,,2004,15
K. Räikkönen,3,2004,16
F. Alonso,4,2004,16
M. Schumacher,12,2004,16
M. Schumacher,1,2004,17
F. Alonso,5,2004,17
K. Räikkönen,6,2004,17
K. Räikkönen,2,2004,18
F. Alonso,4,2004,18
M. Schumacher,7,2004,18
K. Räikkönen,3,2003,1
M. Schumacher,4,2003,1
F. Alonso,7,2003,1
K. Räikkönen,1,2003,2
F. Alonso,3,2003,2
M. Schumacher,6,2003,2
K. Räikkönen,2,2003,3
F. Alonso,3,2003,3
M. Schumacher,,2003,3
M. Schumacher,1,2003,4
K. Räikkönen,2,2003,4
M. Schumacher,1,2003,5
F. Alonso,2,2003,5
K. Räikkönen,,2003,5
M. Schumacher,1,2003,6
K. Räikkönen,2,2003,6
F. Alonso,,2003,6
K. Räikkönen,2,2003,7
M. Schumacher,3,2003,7
F. Alonso,5,2003,7
M. Schumacher,1,2003,8
F. Alonso,4,2003,8
K. Räikkönen,6,2003,8
F. Alonso,4,2003,9
M. Schumacher,5,2003,9
K. Räikkönen,,2003,9
M. Schumacher,3,2003,10
K. Räikkönen,4,2003,10
F. Alonso,,2003,10
K. Räikkönen,3,2003,11
M. Schumacher,4,2003,11
F. Alonso,,2003,11
F. Alonso,4,2003,12
M. Schumacher,7,2003,12
K. Räikkönen,,2003,12
F. Alonso,1,2003,13
K. Räikkönen,2,2003,13
M. Schumacher,8,2003,13
M. Schumacher,1,2003,14
K. Räikkönen,4,2003,14
F. Alonso,8,2003,14
M. Schumacher,1,2003,15
K. Räikkönen,2,2003,15
F. Alonso,,2003,15
K. Räikkönen,2,2003,16
M. Schumacher,8,2003,16
F. Alonso,,2003,16
M. Schumacher,1,2002,1
K. Räikkönen,3,2002,1
M. Schumacher,3,2002,2
K. Räikkönen,,2002,2
M. Schumacher,1,2002,3
K. Räikkönen,12,2002,3
M. Schumacher,1,2002,4
K. Räikkönen,,2002,4
M. Schumacher,1,2002,5
K. Räikkönen,,2002,5
M. Schumacher,1,2002,6
K. Räikkönen,,2002,6
M. Schumacher,2,2002,7
K. Räikkönen,,2002,7
M. Schumacher,1,2002,8
K. Räikkönen,4,2002,8
M. Schumacher,2,2002,9
K. Räikkönen,3,2002,9
M. Schumacher,1,2002,10
K. Räikkönen,,2002,10
M. Schumacher,1,2002,11
K. Räikkönen,2,2002,11
M. Schumacher,1,2002,12
K. Räikkönen,,2002,12
M. Schumacher,2,2002,13
K. Räikkönen,4,2002,13
M. Schumacher,1,2002,14
K. Räikkönen,,2002,14
M. Schumacher,2,2002,15
K. Räikkönen,,2002,15
M. Schumacher,2,2002,16
K. Räikkönen,,2002,16
M. Schumacher,1,2002,17
K. Räikkönen,3,2002,17
M. Schumacher,1,2001,1
K. Räikkönen,6,2001,1
F. Alonso,12,2001,1
M. Häkkinen,,2001,1
M. Schumacher,1,2001,2
M. Häkkinen,6,2001,2
F. Alonso,13,2001,2
K. Räikkönen,,2001,2
M. Schumacher,2,2001,3
K. Räikkönen,,2001,3
F. Alonso,,2001,3
M. Häkkinen,,2001,3
M. Häkkinen,4,2001,4
M. Schumacher,,2001,4
K. Räikkönen,,2001,4
F. Alonso,,2001,4
M. Schumacher,1,2001,5
K. Räikkönen,8,2001,5
M. Häkkinen,9,2001,5
F. Alonso,13,2001,5
M. Schumacher,2,2001,6
K. Räikkönen,4,2001,6
F. Alonso,,2001,6
M. Häkkinen,,2001,6
M. Schumacher,1,2001,7
K. Räikkönen,10,2001,7
F. Alonso,,2001,7
M. Häkkinen,,2001,7
M. Schumacher,2,2001,8
M. Häkkinen,3,2001,8
K. Räikkönen,4,2001,8
F. Alonso,,2001,8
M. Schumacher,1,2001,9
M. Häkkinen,6,2001,9
K. Räikkönen,10,2001,9
F. Alonso,14,2001,9
M. Schumacher,1,2001,10
K. Räikkönen,7,2001,10
F. Alonso,17,2001,10
M. Häkkinen,,2001,10
M. Häkkinen,1,2001,11
M. Schumacher,2,2001,11
K. Räikkönen,5,2001,11
F. Alonso,16,2001,11
F. Alonso,10,2001,12
M. Schumacher,,2001,12
K. Räikkönen,,2001,12
M. Häkkinen,,2001,12
M. Schumacher,1,2001,13
M. Häkkinen,5,2001,13
K. Räikkönen,7,2001,13
F. Alonso,,2001,13
M. Schumacher,1,2001,14
M. Häkkinen,4,2001,14
K. Räikkönen,,2001,14
F. Alonso,,2001,14
M. Schumacher,4,2001,15
K. Räikkönen,7,2001,15
F. Alonso,13,2001,15
M. Häkkinen,,2001,15
M. Häkkinen,1,2001,16
M. Schumacher,2,2001,16
F. Alonso,,2001,16
K. Räikkönen,,2001,16
M. Schumacher,1,2001,17
M. Häkkinen,4,2001,17
F. Alonso,11,2001,17
K. Räikkönen,,2001,17
M. Schumacher,1,2000,1
M. Häkkinen,,2000,1
M. Schumacher,1,2000,2
M. Häkkinen,,2000,2
M. Schumacher,1,2000,3
M. Häkkinen,2,2000,3
M. Häkkinen,2,2000,4
M. Schumacher,3,2000,4
M. Häkkinen,1,2000,5
M. Schumacher,5,2000,5
M. Schumacher,1,2000,6
M. Häkkinen,2,2000,6
M. Häkkinen,6,2000,7
M. Schumacher,,2000,7
M. Schumacher,1,2000,8
M. Häkkinen,4,2000,8
M. Häkkinen,2,2000,9
M. Schumacher,,2000,9
M. Häkkinen,1,2000,10
M. Schumacher,,2000,10
M. Häkkinen,2,2000,11
M. Schumacher,,2000,11
M. Häkkinen,1,2000,12
M. Schumacher,2,2000,12
M. Häkkinen,1,2000,13
M. Schumacher,2,2000,13
M. Schumacher,1,2000,14
M. Häkkinen,2,2000,14
M. Schumacher,1,2000,15
M. Häkkinen,,2000,15
M. Schumacher,1,2000,16
M. Häkkinen,2,2000,16
M. Schumacher,1,2000,17
M. Häkkinen,4,2000,17
M. Schumacher,8,1999,1
M. Häkkinen,,1999,1
D. Hill,,1999,1
M. Häkkinen,1,1999,2
M. Schumacher,2,1999,2
D. Hill,,1999,2
M. Schumacher,1,1999,3
D. Hill,4,1999,3
M. Häkkinen,,1999,3
M. Schumacher,1,1999,4
M. Häkkinen,3,1999,4
D. Hill,,1999,4
M. Häkkinen,1,1999,5
M. Schumacher,3,1999,5
D. Hill,7,1999,5
M. Häkkinen,1,1999,6
M. Schumacher,,1999,6
D. Hill,,1999,6
M. Häkkinen,2,1999,7
M. Schumacher,5,1999,7
D. Hill,,1999,7
D. Hill,5,1999,8
M. Häkkinen,,1999,8
M. Schumacher,,1999,8
M. Häkkinen,3,1999,9
D. Hill,8,1999,9
M. Häkkinen,,1999,10
D. Hill,,1999,10
M. Häkkinen,1,1999,11
D. Hill,6,1999,11
M. Häkkinen,2,1999,12
D. Hill,6,1999,12
D. Hill,10,1999,13
M. Häkkinen,,1999,13
M. Häkkinen,5,1999,14
D. Hill,,1999,14
M. Schumacher,2,1999,15
M. Häkkinen,3,1999,15
D. Hill,,1999,15
M. Häkkinen,1,1999,16
M. Schumacher,2,1999,16
D. Hill,,1999,16
M. Häkkinen,1,1998,1
D. Hill,8,1998,1
M. Schumacher,,1998,1
M. Häkkinen,1,1998,2
M. Schumacher,3,1998,2
D. Hill,,1998,2
M. Schumacher,1,1998,3
M. Häkkinen,2,1998,3
D. Hill,8,1998,3
M. Schumacher,2,1998,4
D. Hill,10,1998,4
M. Häkkinen,,1998,4
M. Häkkinen,1,1998,5
M. Schumacher,3,1998,5
D. Hill,,1998,5
M. Häkkinen,1,1998,6
D. Hill,8,1998,6
M. Schumacher,10,1998,6
M. Schumacher,1,1998,7
D. Hill,,1998,7
M. Häkkinen,,1998,7
M. Schumacher,1,1998,8
M. Häkkinen,3,1998,8
D. Hill,,1998,8
M. Schumacher,1,1998,9
M. Häkkinen,2,1998,9
D. Hill,,1998,9
M. Häkkinen,1,1998,10
M. Schumacher,3,1998,10
D. Hill,7,1998,10
M. Häkkinen,1,1998,11
D. Hill,4,1998,11
M. Schumacher,5,1998,11
M. Schumacher,1,1998,12
D. Hill,4,1998,12
M. Häkkinen,6,1998,12
D. Hill,1,1998,13
M. Schumacher,,1998,13
M. Häkkinen,,1998,13
M. Schumacher,1,1998,14
M. Häkkinen,4,1998,14
D. Hill,6,1998,14
M. Häkkinen,1,1998,15
M. Schumacher,2,1998,15
D. Hill,9,1998,15
M. Häkkinen,1,1998,16
D. Hill,4,1998,16
M. Schumacher,,1998,16
M. Schumacher,2,1997,1
M. Häkkinen,3,1997,1
D. Hill,,1997,1
M. Häkkinen,4,1997,2
M. Schumacher,5,1997,2
D. Hill,17,1997,2
M. Häkkinen,5,1997,3
D. Hill,,1997,3
M. Schumacher,,1997,3
M. Schumacher,2,1997,4
M. Häkkinen,6,1997,4
D. Hill,,1997,4
M. Schumacher,1,1997,5
M. Häkkinen,,1997,5
D. Hill,,1997,5
M. Schumacher,4,1997,6
M. Häkkinen,7,1997,6
D. Hill,,1997,6
M. Schumacher,1,1997,7
D. Hill,9,1997,7
M. Häkkinen,,1997,7
M. Schumacher,1,1997,8
D. Hill,12,1997,8
M. Häkkinen,,1997,8
D. Hill,6,1997,9
M. Häkkinen,,1997,9
M. Schumacher,,1997,9
M. Schumacher,2,1997,10
M. Häkkinen,3,1997,10
D. Hill,8,1997,10
D. Hill,2,1997,11
M. Schumacher,4,1997,11
M. Häkkinen,,1997,11
M. Schumacher,1,1997,12
D. Hill,13,1997,12
M. Häkkinen,,1997,12
M. Schumacher,6,1997,13
M. Häkkinen,9,1997,13
D. Hill,,1997,13
M. Schumacher,6,1997,14
D. Hill,7,1997,14
M. Häkkinen,,1997,14
D. Hill,8,1997,15
M. Häkkinen,,1997,15
M. Schumacher,,1997,15
M. Schumacher,1,1997,16
M. Häkkinen,4,1997,16
D. Hill,11,1997,16
M. Häkkinen,1,1997,17
M. Schumacher,,1997,17
D. Hill,,1997,17
D. Hill,1,1996,1
M. Häkkinen,5,1996,1
M. Schumacher,,1996,1
D. Hill,1,1996,2
M. Schumacher,3,1996,2
M. Häkkinen,4,1996,2
D. Hill,1,1996,3
M. Schumacher,,1996,3
M. Häkkinen,,1996,3
M. Schumacher,2,1996,4
D. Hill,4,1996,4
M. Häkkinen,8,1996,4
D. Hill,1,1996,5
M. Schumacher,2,1996,5
M. Häkkinen,8,1996,5
M. Häkkinen,6,1996,6
D. Hill,,1996,6
M. Schumacher,,1996,6
M. Schumacher,1,1996,7
M. Häkkinen,5,1996,7
D. Hill,,1996,7
D. Hill,1,1996,8
M. Häkkinen,5,1996,8
M. Schumacher,,1996,8
D. Hill,1,1996,9
M. Häkkinen,5,1996,9
M. Schumacher,,1996,9
M. Häkkinen,3,1996,10
D. Hill,,1996,10
M. Schumacher,,1996,10
D. Hill,1,1996,11
M. Schumacher,4,1996,11
M. Häkkinen,,1996,11
D. Hill,2,1996,12
M. Häkkinen,4,1996,12
M. Schumacher,9,1996,12
M. Schumacher,1,1996,13
M. Häkkinen,3,1996,13
D. Hill,5,1996,13
M. Schumacher,1,1996,14
M. Häkkinen,3,1996,14
D. Hill,,1996,14
D. Hill,2,1996,15
M. Schumacher,3,1996,15
M. Häkkinen,,1996,15
D. Hill,1,1996,16
M. Schumacher,2,1996,16
M. Häkkinen,3,1996,16
M. Schumacher,1,1995,1
M. Häkkinen,4,1995,1
D. Hill,,1995,1
D. Hill,1,1995,2
M. Schumacher,3,1995,2
M. Häkkinen,,1995,2
D. Hill,1,1995,3
M. Häkkinen,5,1995,3
N. Mansell,10,1995,3
M. Schumacher,,1995,3
M. Schumacher,1,1995,4
D. Hill,4,1995,4
M. Häkkinen,,1995,4
N. Mansell,,1995,4
M. Schumacher,1,1995,5
D. Hill,2,1995,5
M. Häkkinen,,1995,5
M. Schumacher,5,1995,6
D. Hill,,1995,6
M. Häkkinen,,1995,6
M. Schumacher,1,1995,7
D. Hill,2,1995,7
M. Häkkinen,7,1995,7
M. Schumacher,,1995,8
D. Hill,,1995,8
M. Häkkinen,,1995,8
M. Schumacher,1,1995,9
M. Häkkinen,,1995,9
D. Hill,,1995,9
D. Hill,1,1995,10
M. Schumacher,11,1995,10
M. Häkkinen,,1995,10
M. Schumacher,1,1995,11
D. Hill,2,1995,11
M. Häkkinen,,1995,11
M. Häkkinen,2,1995,12
M. Schumacher,,1995,12
D. Hill,,1995,12
M. Schumacher,2,1995,13
D. Hill,3,1995,13
M. Häkkinen,,1995,13
M. Schumacher,1,1995,14
M. Häkkinen,8,1995,14
D. Hill,,1995,14
M. Schumacher,1,1995,15
D. Hill,3,1995,15
M. Schumacher,1,1995,16
M. Häkkinen,2,1995,16
D. Hill,,1995,16
D. Hill,1,1995,17
M. Schumacher,,1995,17
M. Häkkinen,,1995,17
M. Schumacher,1,1994,1
D. Hill,2,1994,1
A. Senna,,1994,1
M. Häkkinen,,1994,1
M. Schumacher,1,1994,2
D. Hill,,1994,2
M. Häkkinen,,1994,2
A. Senna,,1994,2
M. Schumacher,1,1994,3
M. Häkkinen,3,1994,3
D. Hill,6,1994,3
A. Senna,,1994,3
M. Schumacher,1,1994,4
M. Häkkinen,,1994,4
D. Hill,,1994,4
D. Hill,1,1994,5
M. Schumacher,2,1994,5
M. Häkkinen,,1994,5
M. Schumacher,1,1994,6
D. Hill,2,1994,6
M. Häkkinen,,1994,6
M. Schumacher,1,1994,7
D. Hill,2,1994,7
M. Häkkinen,,1994,7
N. Mansell,,1994,7
D. Hill,1,1994,8
M. Häkkinen,3,1994,8
M. Schumacher,,1994,8
D. Hill,8,1994,9
M. Schumacher,,1994,9
M. Häkkinen,,1994,9
M. Schumacher,1,1994,10
D. Hill,2,1994,10
D. Hill,1,1994,11
M. Häkkinen,2,1994,11
M. Schumacher,,1994,11
D. Hill,1,1994,12
M. Häkkinen,3,1994,12
D. Hill,1,1994,13
M. Häkkinen,3,1994,13
M. Schumacher,1,1994,14
D. Hill,2,1994,14
M. Häkkinen,3,1994,14
N. Mansell,,1994,14
D. Hill,1,1994,15
M. Schumacher,2,1994,15
N. Mansell,4,1994,15
M. Häkkinen,7,1994,15
N. Mansell,1,1994,16
M. Häkkinen,12,1994,16
D. Hill,,1994,16
M. Schumacher,,1994,16
A. Prost,1,1993,1
A. Senna,2,1993,1
M. Schumacher,,1993,1
D. Hill,,1993,1
A. Senna,1,1993,2
D. Hill,2,1993,2
M. Schumacher,3,1993,2
A. Prost,,1993,2
A. Senna,1,1993,3
D. Hill,2,1993,3
A. Prost,3,1993,3
M. Schumacher,,1993,3
A. Prost,1,1993,4
M. Schumacher,2,1993,4
A. Senna,,1993,4
D. Hill,,1993,4
A. Prost,1,1993,5
A. Senna,2,1993,5
M. Schumacher,3,1993,5
D. Hill,,1993,5
A. Senna,1,1993,6
D. Hill,2,1993,6
A. Prost,4,1993,6
M. Schumacher,,1993,6
A. Prost,1,1993,7
M. Schumacher,2,1993,7
D. Hill,3,1993,7
A. Senna,18,1993,7
A. Prost,1,1993,8
D. Hill,2,1993,8
M. Schumacher,3,1993,8
A. Senna,4,1993,8
A. Prost,1,1993,9
M. Schumacher,2,1993,9
A. Senna,5,1993,9
D. Hill,,1993,9
A. Prost,1,1993,10
M. Schumacher,2,1993,10
A. Senna,4,1993,10
D. Hill,15,1993,10
D. Hill,1,1993,11
A. Prost,12,1993,11
M. Schumacher,,1993,11
A. Senna,,1993,11
D. Hill,1,1993,12
M. Schumacher,2,1993,12
A. Prost,3,1993,12
A. Senna,4,1993,12
D. Hill,1,1993,13
A. Prost,12,1993,13
M. Schumacher,,1993,13
A. Senna,,1993,13
M. Schumacher,1,1993,14
A. Prost,2,1993,14
D. Hill,3,1993,14
M. Häkkinen,,1993,14
A. Senna,,1993,14
A. Senna,1,1993,15
A. Prost,2,1993,15
M. Häkkinen,3,1993,15
D. Hill,4,1993,15
M. Schumacher,,1993,15
A. Senna,1,1993,16
A. Prost,2,1993,16
D. Hill,3,1993,16
M. Häkkinen,,1993,16
M. Schumacher,,1993,16
N. Mansell,1,1992,1
A. Senna,3,1992,1
M. Schumacher,4,1992,1
M. Häkkinen,9,1992,1
N. Mansell,1,1992,2
M. Schumacher,3,1992,2
M. Häkkinen,6,1992,2
A. Senna,,1992,2
N. Mansell,1,1992,3
M. Schumacher,3,1992,3
M. Häkkinen,10,1992,3
A. Senna,,1992,3
N. Mansell,1,1992,4
M. Schumacher,2,1992,4
A. Senna,9,1992,4
M. Häkkinen,,1992,4
D. Hill,,1992,4
N. Mansell,1,1992,5
A. Senna,3,1992,5
M. Schumacher,,1992,5
M. Häkkinen,,1992,5
D. Hill,,1992,5
A. Senna,1,1992,6
N. Mansell,2,1992,6
M. Schumacher,4,1992,6
M. Häkkinen,,1992,6
D. Hill,,1992,6
M. Schumacher,2,1992,7
A. Senna,,1992,7
M. Häkkinen,,1992,7
N. Mansell,,1992,7
D. Hill,,1992,7
N. Mansell,1,1992,8
M. Häkkinen,4,1992,8
M. Schumacher,,1992,8
A. Senna,,1992,8
D. Hill,,1992,8
N. Mansell,1,1992,9
M. Schumacher,4,1992,9
M. Häkkinen,6,1992,9
D. Hill,16,1992,9
A. Senna,,1992,9
N. Mansell,1,1992,10
A. Senna,2,1992,10
M. Schumacher,3,1992,10
M. Häkkinen,,1992,10
D. Hill,,1992,10
A. Senna,1,1992,11
N. Mansell,2,1992,11
M. Häkkinen,4,1992,11
D. Hill,11,1992,11
M. Schumacher,,1992,11
M. Schumacher,1,1992,12
N. Mansell,2,1992,12
A. Senna,5,1992,12
M. Häkkinen,6,1992,12
A. Senna,1,1992,13
M. Schumacher,3,1992,13
N. Mansell,,1992,13
M. Häkkinen,,1992,13
N. Mansell,1,1992,14
A. Senna,3,1992,14
M. Häkkinen,5,1992,14
M. Schumacher,7,1992,14
N. Mansell,,1992,15
M. Häkkinen,,1992,15
M. Schumacher,,1992,15
A. Senna,,1992,15
M. Schumacher,2,1992,16
M. Häkkinen,7,1992,16
N. Mansell,,1992,16
A. Senna,,1992,16
A. Senna,1,1991,1
A. Prost,2,1991,1
N. Piquet,3,1991,1
M. Häkkinen,13,1991,1
N. Mansell,,1991,1
A. Senna,1,1991,2
A. Prost,4,1991,2
N. Piquet,5,1991,2
M. Häkkinen,9,1991,2
N. Mansell,,1991,2
A. Senna,1,1991,3
M. Häkkinen,5,1991,3
N. Piquet,,1991,3
N. Mansell,,1991,3
A. Prost,,1991,3
A. Senna,1,1991,4
N. Mansell,2,1991,4
A. Prost,5,1991,4
M. Häkkinen,,1991,4
N. Piquet,,1991,4
N. Piquet,1,1991,5
N. Mansell,6,1991,5
A. Prost,,1991,5
A. Senna,,1991,5
M. Häkkinen,,1991,5
N. Mansell,2,1991,6
A. Senna,3,1991,6
M. Häkkinen,9,1991,6
N. Piquet,,1991,6
A. Prost,,1991,6
N. Mansell,1,1991,7
A. Prost,2,1991,7
A. Senna,3,1991,7
N. Piquet,8,1991,7
M. Häkkinen,,1991,7
N. Mansell,1,1991,8
A. Prost,3,1991,8
A. Senna,4,1991,8
N. Piquet,5,1991,8
M. Häkkinen,12,1991,8
N. Mansell,1,1991,9
A. Senna,7,1991,9
A. Prost,,1991,9
N. Piquet,,1991,9
M. Häkkinen,,1991,9
A. Senna,1,1991,10
N. Mansell,2,1991,10
M. Häkkinen,14,1991,10
N. Piquet,,1991,10
A. Prost,,1991,10
A. Senna,1,1991,11
N. Piquet,3,1991,11
M. Häkkinen,,1991,11
N. Mansell,,1991,11
A. Prost,,1991,11
M. Schumacher,,1991,11
N. Mansell,1,1991,12
A. Senna,2,1991,12
A. Prost,3,1991,12
M. Schumacher,5,1991,12
N. Piquet,6,1991,12
M. Häkkinen,14,1991,12
A. Senna,2,1991,13
N. Piquet,5,1991,13
M. Schumacher,6,1991,13
M. Häkkinen,14,1991,13
N. Mansell,,1991,13
A. Prost,,1991,13
N. Mansell,1,1991,14
A. Prost,2,1991,14
A. Senna,5,1991,14
M. Schumacher,6,1991,14
N. Piquet,11,1991,14
M. Häkkinen,,1991,14
A. Senna,2,1991,15
A. Prost,4,1991,15
N. Piquet,7,1991,15
M. Schumacher,,1991,15
N. Mansell,,1991,15
M. Häkkinen,,1991,15
A. Senna,1,1991,16
N. Mansell,2,1991,16
N. Piquet,4,1991,16
M. Häkkinen,19,1991,16
M. Schumacher,,1991,16
A. Senna,1,1990,1
N. Piquet,4,1990,1
N. Mansell,,1990,1
A. Prost,,1990,1
A. Prost,1,1990,2
A. Senna,3,1990,2
N. Mansell,4,1990,2
N. Piquet,6,1990,2
A. Prost,4,1990,3
N. Piquet,5,1990,3
N. Mansell,,1990,3
A. Senna,,1990,3
A. Senna,1,1990,4
N. Mansell,,1990,4
A. Prost,,1990,4
N. Piquet,,1990,4
A. Senna,1,1990,5
N. Piquet,2,1990,5
N. Mansell,3,1990,5
A. Prost,5,1990,5
A. Prost,1,1990,6
N. Mansell,2,1990,6
N. Piquet,6,1990,6
A. Senna,20,1990,6
A. Prost,1,1990,7
A. Senna,3,1990,7
N. Piquet,4,1990,7
N. Mansell,18,1990,7
A. Prost,1,1990,8
A. Senna,3,1990,8
N. Piquet,5,1990,8
N. Mansell,,1990,8
A. Senna,1,1990,9
A. Prost,4,1990,9
N. Piquet,,1990,9
N. Mansell,,1990,9
A. Senna,2,1990,10
N. Piquet,3,1990,10
N. Mansell,17,1990,10
A. Prost,,1990,10
A. Senna,1,1990,11
A. Prost,2,1990,11
N. Piquet,5,1990,11
N. Mansell,,1990,11
A. Senna,1,1990,12
A. Prost,2,1990,12
N. Mansell,4,1990,12
N. Piquet,7,1990,12
N. Mansell,1,1990,13
A. Senna,2,1990,13
A. Prost,3,1990,13
N. Piquet,5,1990,13
A. Prost,1,1990,14
N. Mansell,2,1990,14
A. Senna,,1990,14
N. Piquet,,1990,14
N. Piquet,1,1990,15
N. Mansell,,1990,15
A. Senna,,1990,15
A. Prost,,1990,15
N. Piquet,1,1990,16
N. Mansell,2,1990,16
A. Prost,3,1990,16
A. Senna,,1990,16
F. Alonso,5,2009,1
N. Rosberg,6,2009,1
S. Vettel,13,2009,1
K. Räikkönen,15,2009,1
L. Hamilton,,2009,1
L. Hamilton,7,2009,2
N. Rosberg,8,2009,2
F. Alonso,11,2009,2
K. Räikkönen,14,2009,2
S. Vettel,15,2009,2
S. Vettel,1,2009,3
L. Hamilton,6,2009,3
F. Alonso,9,2009,3
K. Räikkönen,10,2009,3
N. Rosberg,15,2009,3
S. Vettel,2,2009,4
L. Hamilton,4,2009,4
K. Räikkönen,6,2009,4
F. Alonso,8,2009,4
N. Rosberg,9,2009,4
S. Vettel,4,2009,5
F. Alonso,5,2009,5
N. Rosberg,8,2009,5
L. Hamilton,9,2009,5
K. Räikkönen,,2009,5
K. Räikkönen,3,2009,6
N. Rosberg,6,2009,6
F. Alonso,7,2009,6
L. Hamilton,12,2009,6
S. Vettel,,2009,6
S. Vettel,3,2009,7
N. Rosberg,5,2009,7
K. Räikkönen,9,2009,7
F. Alonso,10,2009,7
L. Hamilton,13,2009,7
S. Vettel,1,2009,8
N. Rosberg,5,2009,8
K. Räikkönen,8,2009,8
F. Alonso,14,2009,8
L. Hamilton,16,2009,8
S. Vettel,2,2009,9
N. Rosberg,4,2009,9
F. Alonso,7,2009,9
L. Hamilton,18,2009,9
K. Räikkönen,,2009,9
L. Hamilton,1,2009,10
K. Räikkönen,2,2009,10
N. Rosberg,4,2009,10
S. Vettel,,2009,10
F. Alonso,,2009,10
L. Hamilton,2,2009,11
K. Räikkönen,3,2009,11
N. Rosberg,5,2009,11
F. Alonso,6,2009,11
S. Vettel,,2009,11
K. Räikkönen,1,2009,12
S. Vettel,3,2009,12
N. Rosberg,8,2009,12
F. Alonso,,2009,12
L. Hamilton,,2009,12
K. Räikkönen,3,2009,13
F. Alonso,5,2009,13
S. Vettel,8,2009,13
L. Hamilton,12,2009,13
N. Rosberg,16,2009,13
L. Hamilton,1,2009,14
F. Alonso,3,2009,14
S. Vettel,4,2009,14
K. Räikkönen,10,2009,14
N. Rosberg,11,2009,14
S. Vettel,1,2009,15
L. Hamilton,3,2009,15
K. Räikkönen,4,2009,15
N. Rosberg,5,2009,15
F. Alonso,10,2009,15
L. Hamilton,3,2009,16
S. Vettel,4,2009,16
K. Räikkönen,6,2009,16
N. Rosberg,,2009,16
F. Alonso,,2009,16
N. Mansell,1,1989,1
A. Prost,2,1989,1
A. Senna,11,1989,1
N. Piquet,,1989,1
A. Senna,1,1989,2
A. Prost,2,1989,2
N. Piquet,,1989,2
N. Mansell,,1989,2
A. Senna,1,1989,3
A. Prost,2,1989,3
N. Piquet,,1989,3
N. Mansell,,1989,3
A. Senna,1,1989,4
A. Prost,5,1989,4
N. Piquet,11,1989,4
N. Mansell,,1989,4
A. Prost,1,1989,5
N. Piquet,,1989,5
A. Senna,,1989,5
N. Mansell,,1989,5
N. Piquet,4,1989,6
A. Senna,7,1989,6
A. Prost,,1989,6
N. Mansell,,1989,6
A. Prost,1,1989,7
N. Mansell,2,1989,7
N. Piquet,8,1989,7
A. Senna,,1989,7
A. Prost,1,1989,8
N. Mansell,2,1989,8
N. Piquet,4,1989,8
A. Senna,,1989,8
A. Senna,1,1989,9
A. Prost,2,1989,9
N. Mansell,3,1989,9
N. Piquet,5,1989,9
N. Mansell,1,1989,10
A. Senna,2,1989,10
A. Prost,4,1989,10
N. Piquet,6,1989,10
A. Senna,1,1989,11
A. Prost,2,1989,11
N. Mansell,3,1989,11
N. Piquet,,1989,11
A. Prost,1,1989,12
A. Senna,,1989,12
N. Mansell,,1989,12
N. Piquet,,1989,12
A. Prost,2,1989,13
A. Senna,,1989,13
N. Mansell,,1989,13
N. Piquet,,1989,13
A. Senna,1,1989,14
A. Prost,3,1989,14
N. Piquet,8,1989,14
N. Piquet,4,1989,15
A. Senna,,1989,15
A. Prost,,1989,15
N. Mansell,,1989,15
N. Piquet,,1989,16
N. Mansell,,1989,16
A. Senna,,1989,16
A. Prost,,1989,16
A. Prost,1,1988,1
N. Piquet,3,1988,1
A. Senna,,1988,1
N. Mansell,,1988,1
A. Senna,1,1988,2
A. Prost,2,1988,2
N. Piquet,3,1988,2
N. Mansell,,1988,2
A. Prost,1,1988,3
A. Senna,,1988,3
N. Mansell,,1988,3
N. Piquet,,1988,3
A. Prost,1,1988,4
A. Senna,2,1988,4
N. Piquet,,1988,4
N. Mansell,,1988,4
A. Senna,1,1988,5
A. Prost,2,1988,5
N. Piquet,4,1988,5
N. Mansell,,1988,5
A. Senna,1,1988,6
A. Prost,2,1988,6
N. Piquet,,1988,6
N. Mansell,,1988,6
A. Prost,1,1988,7
A. Senna,2,1988,7
N. Piquet,5,1988,7
N. Mansell,,1988,7
A. Senna,1,1988,8
N. Mansell,2,1988,8
N. Piquet,5,1988,8
A. Prost,,1988,8
A. Senna,1,1988,9
A. Prost,2,1988,9
N. Mansell,,1988,9
N. Piquet,,1988,9
A. Senna,1,1988,10
A. Prost,2,1988,10
N. Piquet,8,1988,10
N. Mansell,,1988,10
A. Senna,1,1988,11
A. Prost,2,1988,11
N. Piquet,4,1988,11
A. Senna,10,1988,12
A. Prost,,1988,12
N. Piquet,,1988,12
A. Prost,1,1988,13
A. Senna,6,1988,13
N. Mansell,,1988,13
N. Piquet,,1988,13
A. Prost,1,1988,14
N. Mansell,2,1988,14
A. Senna,4,1988,14
N. Piquet,8,1988,14
A. Senna,1,1988,15
A. Prost,2,1988,15
N. Piquet,,1988,15
N. Mansell,,1988,15
A. Prost,1,1988,16
A. Senna,2,1988,16
N. Piquet,3,1988,16
N. Mansell,,1988,16
A. Prost,1,1987,1
N. Piquet,2,1987,1
N. Mansell,6,1987,1
A. Senna,,1987,1
N. Mansell,1,1987,2
A. Senna,2,1987,2
A. Prost,,1987,2
N. Piquet,,1987,2
A. Prost,1,1987,3
N. Mansell,,1987,3
A. Senna,,1987,3
N. Piquet,,1987,3
A. Senna,1,1987,4
N. Piquet,2,1987,4
A. Prost,9,1987,4
N. Mansell,,1987,4
A. Senna,1,1987,5
N. Piquet,2,1987,5
A. Prost,3,1987,5
N. Mansell,5,1987,5
N. Mansell,1,1987,6
N. Piquet,2,1987,6
A. Prost,3,1987,6
A. Senna,4,1987,6
N. Mansell,1,1987,7
N. Piquet,2,1987,7
A. Senna,3,1987,7
A. Prost,,1987,7
N. Piquet,1,1987,8
A. Senna,3,1987,8
A. Prost,7,1987,8
N. Mansell,,1987,8
N. Piquet,1,1987,9
A. Senna,2,1987,9
A. Prost,3,1987,9
N. Mansell,14,1987,9
N. Mansell,1,1987,10
N. Piquet,2,1987,10
A. Senna,5,1987,10
A. Prost,6,1987,10
N. Piquet,1,1987,11
A. Senna,2,1987,11
N. Mansell,3,1987,11
A. Prost,15,1987,11
A. Prost,1,1987,12
N. Piquet,3,1987,12
A. Senna,7,1987,12
N. Mansell,,1987,12
N. Mansell,1,1987,13
A. Prost,2,1987,13
N. Piquet,4,1987,13
A. Senna,5,1987,13
N. Mansell,1,1987,14
N. Piquet,2,1987,14
A. Senna,,1987,14
A. Prost,,1987,14
A. Senna,2,1987,15
A. Prost,7,1987,15
N. Piquet,15,1987,15
N. Mansell,,1987,15
A. Senna,,1987,16
N. Piquet,,1987,16
A. Prost,,1987,16
N. Piquet,1,1986,1
A. Senna,2,1986,1
A. Prost,,1986,1
N. Mansell,,1986,1
A. Senna,1,1986,2
N. Mansell,2,1986,2
A. Prost,3,1986,2
N. Piquet,,1986,2
A. Prost,1,1986,3
N. Piquet,2,1986,3
A. Senna,,1986,3
N. Mansell,,1986,3
A. Prost,1,1986,4
A. Senna,3,1986,4
N. Mansell,4,1986,4
N. Piquet,7,1986,4
N. Mansell,1,1986,5
A. Senna,2,1986,5
A. Prost,6,1986,5
N. Piquet,,1986,5
N. Mansell,1,1986,6
A. Prost,2,1986,6
N. Piquet,3,1986,6
A. Senna,5,1986,6
A. Senna,1,1986,7
A. Prost,3,1986,7
N. Mansell,5,1986,7
N. Piquet,,1986,7
N. Mansell,1,1986,8
A. Prost,2,1986,8
N. Piquet,3,1986,8
A. Senna,,1986,8
N. Mansell,1,1986,9
N. Piquet,2,1986,9
A. Prost,3,1986,9
A. Senna,,1986,9
N. Piquet,1,1986,10
A. Senna,2,1986,10
N. Mansell,3,1986,10
A. Prost,6,1986,10
N. Piquet,1,1986,11
A. Senna,2,1986,11
N. Mansell,3,1986,11
A. Prost,,1986,11
A. Prost,1,1986,12
N. Mansell,,1986,12
N. Piquet,,1986,12
A. Senna,,1986,12
N. Piquet,1,1986,13
N. Mansell,2,1986,13
A. Prost,,1986,13
A. Senna,,1986,13
N. Mansell,1,1986,14
A. Prost,2,1986,14
N. Piquet,3,1986,14
A. Senna,4,1986,14
A. Prost,2,1986,15
A. Senna,3,1986,15
N. Piquet,4,1986,15
N. Mansell,5,1986,15
A. Prost,1,1986,16
N. Piquet,2,1986,16
N. Mansell,,1986,16
A. Senna,,1986,16
A. Prost,1,1985,1
A. Senna,,1985,1
N. Lauda,,1985,1
N. Mansell,,1985,1
N. Piquet,,1985,1
A. Senna,1,1985,2
N. Mansell,5,1985,2
N. Lauda,,1985,2
A. Prost,,1985,2
N. Piquet,,1985,2
N. Lauda,4,1985,3
N. Mansell,5,1985,3
A. Senna,7,1985,3
N. Piquet,8,1985,3
A. Prost,,1985,3
A. Prost,1,1985,4
N. Mansell,7,1985,4
N. Lauda,,1985,4
N. Piquet,,1985,4
A. Senna,,1985,4
A. Prost,3,1985,5
N. Mansell,6,1985,5
A. Senna,16,1985,5
N. Lauda,,1985,5
N. Piquet,,1985,5
N. Piquet,6,1985,6
A. Senna,,1985,6
N. Mansell,,1985,6
A. Prost,,1985,6
N. Lauda,,1985,6
N. Piquet,1,1985,7
A. Prost,3,1985,7
N. Lauda,,1985,7
A. Senna,,1985,7
N. Mansell,,1985,7
A. Prost,1,1985,8
N. Piquet,4,1985,8
A. Senna,10,1985,8
N. Lauda,,1985,8
N. Mansell,,1985,8
A. Prost,2,1985,9
N. Lauda,5,1985,9
N. Mansell,6,1985,9
A. Senna,,1985,9
N. Piquet,,1985,9
A. Prost,1,1985,10
A. Senna,2,1985,10
N. Lauda,,1985,10
N. Piquet,,1985,10
N. Mansell,,1985,10
N. Lauda,1,1985,11
A. Prost,2,1985,11
A. Senna,3,1985,11
N. Mansell,6,1985,11
N. Piquet,8,1985,11
A. Prost,1,1985,12
N. Piquet,2,1985,12
A. Senna,3,1985,12
N. Mansell,11,1985,12
N. Lauda,,1985,12
A. Senna,1,1985,13
N. Mansell,2,1985,13
A. Prost,3,1985,13
N. Piquet,5,1985,13
N. Mansell,1,1985,14
A. Senna,2,1985,14
A. Prost,4,1985,14
N. Piquet,,1985,14
N. Mansell,1,1985,15
A. Prost,3,1985,15
N. Lauda,,1985,15
A. Senna,,1985,15
N. Piquet,,1985,15
A. Senna,,1985,16
N. Lauda,,1985,16
A. Prost,,1985,16
N. Piquet,,1985,16
N. Mansell,,1985,16
A. Prost,1,1984,1
N. Lauda,,1984,1
N. Mansell,,1984,1
N. Piquet,,1984,1
A. Senna,,1984,1
N. Lauda,1,1984,2
A. Prost,2,1984,2
A. Senna,6,1984,2
N. Mansell,,1984,2
N. Piquet,,1984,2
A. Senna,6,1984,3
N. Piquet,9,1984,3
N. Lauda,,1984,3
N. Mansell,,1984,3
A. Prost,,1984,3
A. Prost,1,1984,4
N. Piquet,,1984,4
N. Lauda,,1984,4
N. Mansell,,1984,4
A. Senna,,1984,4
N. Lauda,1,1984,5
N. Mansell,3,1984,5
A. Prost,7,1984,5
A. Senna,,1984,5
N. Piquet,,1984,5
A. Prost,1,1984,6
A. Senna,2,1984,6
N. Lauda,,1984,6
N. Mansell,,1984,6
N. Piquet,,1984,6
N. Piquet,1,1984,7
N. Lauda,2,1984,7
A. Prost,3,1984,7
N. Mansell,6,1984,7
A. Senna,7,1984,7
N. Piquet,1,1984,8
A. Prost,4,1984,8
N. Lauda,,1984,8
N. Mansell,,1984,8
A. Senna,,1984,8
N. Mansell,6,1984,9
N. Lauda,,1984,9
A. Prost,,1984,9
A. Senna,,1984,9
N. Piquet,,1984,9
N. Lauda,1,1984,10
A. Senna,3,1984,10
N. Piquet,7,1984,10
A. Prost,,1984,10
N. Mansell,,1984,10
A. Prost,1,1984,11
N. Lauda,2,1984,11
N. Mansell,4,1984,11
N. Piquet,,1984,11
A. Senna,,1984,11
N. Lauda,1,1984,12
N. Piquet,2,1984,12
A. Senna,,1984,12
N. Mansell,,1984,12
A. Prost,,1984,12
A. Prost,1,1984,13
N. Lauda,2,1984,13
N. Mansell,3,1984,13
A. Senna,,1984,13
N. Piquet,,1984,13
N. Lauda,1,1984,14
N. Piquet,,1984,14
N. Mansell,,1984,14
A. Prost,,1984,14
A. Prost,1,1984,15
N. Piquet,3,1984,15
N. Lauda,4,1984,15
N. Mansell,,1984,15
A. Senna,,1984,15
A. Prost,1,1984,16
N. Lauda,2,1984,16
A. Senna,3,1984,16
N. Piquet,6,1984,16
N. Mansell,,1984,16
N. Piquet,1,1983,1
N. Lauda,3,1983,1
A. Prost,7,1983,1
N. Mansell,12,1983,1
N. Lauda,2,1983,2
A. Prost,11,1983,2
N. Mansell,12,1983,2
N. Piquet,,1983,2
A. Prost,1,1983,3
N. Piquet,2,1983,3
N. Lauda,,1983,3
N. Mansell,,1983,3
A. Prost,2,1983,4
N. Mansell,12,1983,4
N. Piquet,,1983,4
N. Lauda,,1983,4
N. Piquet,2,1983,5
A. Prost,3,1983,5
N. Mansell,,1983,5
N. Lauda,,1983,5
A. Prost,1,1983,6
N. Piquet,4,1983,6
N. Lauda,,1983,6
N. Mansell,,1983,6
N. Piquet,4,1983,7
N. Mansell,6,1983,7
A. Prost,8,1983,7
N. Lauda,13,1983,7
A. Prost,5,1983,8
N. Mansell,,1983,8
N. Piquet,,1983,8
N. Lauda,,1983,8
A. Prost,1,1983,9
N. Piquet,2,1983,9
N. Mansell,4,1983,9
N. Lauda,6,1983,9
A. Prost,4,1983,10
N. Piquet,13,1983,10
N. Lauda,,1983,10
N. Mansell,,1983,10
A. Prost,1,1983,11
N. Piquet,3,1983,11
N. Mansell,5,1983,11
N. Lauda,6,1983,11
N. Piquet,,1983,12
A. Prost,,1983,12
N. Mansell,,1983,12
N. Lauda,,1983,12
N. Piquet,1,1983,13
N. Mansell,8,1983,13
A. Prost,,1983,13
N. Lauda,,1983,13
N. Piquet,1,1983,14
A. Prost,2,1983,14
N. Mansell,3,1983,14
N. Lauda,,1983,14
N. Piquet,3,1983,15
N. Lauda,11,1983,15
N. Mansell,,1983,15
A. Prost,,1983,15
A. Prost,1,1982,1
N. Lauda,4,1982,1
N. Piquet,,1982,1
N. Mansell,,1982,1
A. Prost,1,1982,2
N. Mansell,3,1982,2
N. Piquet,,1982,2
N. Lauda,,1982,2
N. Lauda,1,1982,3
N. Mansell,7,1982,3
N. Piquet,,1982,3
A. Prost,,1982,3
A. Prost,,1982,4
N. Piquet,5,1982,5
N. Lauda,,1982,5
A. Prost,,1982,5
N. Mansell,,1982,5
N. Mansell,4,1982,6
A. Prost,7,1982,6
N. Lauda,,1982,6
N. Piquet,,1982,6
A. Prost,,1982,7
N. Mansell,,1982,7
N. Lauda,,1982,7
N. Piquet,,1982,7
N. Piquet,1,1982,8
A. Prost,,1982,8
N. Lauda,,1982,8
N. Mansell,,1982,8
N. Piquet,2,1982,9
N. Lauda,4,1982,9
A. Prost,,1982,9
N. Lauda,1,1982,10
A. Prost,6,1982,10
N. Mansell,,1982,10
N. Piquet,,1982,10
A. Prost,2,1982,11
N. Lauda,8,1982,11
N. Piquet,,1982,11
N. Mansell,9,1982,12
N. Piquet,,1982,12
A. Prost,,1982,12
N. Lauda,5,1982,13
A. Prost,8,1982,13
N. Piquet,,1982,13
N. Mansell,,1982,13
A. Prost,2,1982,14
N. Lauda,3,1982,14
N. Piquet,4,1982,14
N. Mansell,8,1982,14
N. Mansell,7,1982,15
A. Prost,,1982,15
N. Lauda,,1982,15
N. Piquet,,1982,15
A. Prost,4,1982,16
N. Lauda,,1982,16
N. Piquet,,1982,16
N. Mansell,,1982,16
N. Piquet,3,1981,1
N. Mansell,,1981,1
A. Prost,,1981,1
N. Mansell,11,1981,2
N. Piquet,12,1981,2
A. Prost,,1981,2
N. Piquet,1,1981,3
A. Prost,3,1981,3
N. Mansell,,1981,3
N. Piquet,1,1981,4
A. Prost,,1981,4
N. Mansell,,1981,4
N. Mansell,3,1981,5
N. Piquet,,1981,5
A. Prost,,1981,5
N. Piquet,,1981,6
A. Prost,,1981,6
N. Mansell,,1981,6
N. Mansell,6,1981,7
N. Piquet,,1981,7
A. Prost,,1981,7
A. Prost,1,1981,8
N. Piquet,3,1981,8
N. Mansell,7,1981,8
A. Prost,,1981,9
N. Piquet,,1981,9
N. Mansell,,1981,9
N. Piquet,1,1981,10
A. Prost,2,1981,10
N. Mansell,,1981,10
N. Piquet,3,1981,11
A. Prost,,1981,11
N. Mansell,,1981,11
A. Prost,1,1981,12
N. Piquet,2,1981,12
N. Mansell,,1981,12
A. Prost,1,1981,13
N. Piquet,6,1981,13
N. Mansell,,1981,13
N. Piquet,5,1981,14
A. Prost,,1981,14
N. Mansell,,1981,14
A. Prost,2,1981,15
N. Mansell,4,1981,15
N. Piquet,5,1981,15
N. Piquet,2,1980,1
A. Prost,6,1980,1
A. Prost,5,1980,2
N. Piquet,,1980,2
N. Piquet,4,1980,3
A. Prost,,1980,3
N. Piquet,1,1980,4
N. Piquet,,1980,5
A. Prost,,1980,5
N. Piquet,3,1980,6
A. Prost,,1980,6
N. Piquet,4,1980,7
A. Prost,,1980,7
N. Piquet,2,1980,8
A. Prost,6,1980,8
N. Piquet,4,1980,9
A. Prost,11,1980,9
N. Piquet,5,1980,10
A. Prost,7,1980,10
N. Mansell,,1980,10
N. Piquet,1,1980,11
A. Prost,6,1980,11
N. Mansell,,1980,11
N. Piquet,1,1980,12
A. Prost,7,1980,12
N. Mansell,,1980,12
A. Prost,,1980,13
N. Piquet,,1980,13
N. Piquet,,1980,14
A. Prost,,1980,14
N. Lauda,,1979,1
N. Piquet,,1979,1
N. Lauda,,1979,2
N. Piquet,,1979,2
N. Lauda,6,1979,3
N. Piquet,7,1979,3
N. Piquet,8,1979,4
N. Lauda,,1979,4
N. Lauda,,1979,5
N. Piquet,,1979,5
N. Piquet,,1979,6
N. Lauda,,1979,6
N. Piquet,,1979,7
N. Lauda,,1979,7
N. Piquet,,1979,8
N. Lauda,,1979,8
N. Lauda,,1979,9
N. Piquet,,1979,9
N. Piquet,12,1979,10
N. Lauda,,1979,10
N. Lauda,,1979,11
N. Piquet,,1979,11
N. Piquet,4,1979,12
N. Lauda,,1979,12
N. Lauda,4,1979,13
N. Piquet,,1979,13
N. Piquet,,1979,14
N. Lauda,,1979,14
N. Piquet,,1979,15
N. Lauda,2,1978,1
N. Lauda,3,1978,2
N. Lauda,,1978,3
N. Lauda,,1978,4
N. Lauda,2,1978,5
N. Lauda,,1978,6
N. Lauda,,1978,7
N. Lauda,1,1978,8
N. Lauda,,1978,9
N. Lauda,2,1978,10
N. Piquet,,1978,11
N. Lauda,,1978,11
N. Lauda,,1978,12
N. Piquet,,1978,12
N. Lauda,3,1978,13
N. Piquet,,1978,13
N. Lauda,1,1978,14
N. Piquet,9,1978,14
N. Lauda,,1978,15
N. Piquet,11,1978,16
N. Lauda,,1978,16
N. Lauda,,1977,1
N. Lauda,3,1977,2
N. Lauda,1,1977,3
N. Lauda,2,1977,4
N. Lauda,,1977,5
N. Lauda,2,1977,6
N. Lauda,2,1977,7
N. Lauda,,1977,8
N. Lauda,5,1977,9
N. Lauda,2,1977,10
N. Lauda,1,1977,11
N. Lauda,2,1977,12
N. Lauda,1,1977,13
N. Lauda,2,1977,14
N. Lauda,4,1977,15
N. Lauda,1,1976,1
N. Lauda,1,1976,2
N. Lauda,2,1976,3
N. Lauda,2,1976,4
N. Lauda,1,1976,5
N. Lauda,1,1976,6
N. Lauda,3,1976,7
N. Lauda,,1976,8
N. Lauda,1,1976,9
N. Lauda,,1976,10
N. Lauda,4,1976,13
N. Lauda,8,1976,14
N. Lauda,3,1976,15
N. Lauda,,1976,16
N. Lauda,6,1975,1
N. Lauda,5,1975,2
N. Lauda,5,1975,3
N. Lauda,,1975,4
N. Lauda,1,1975,5
N. Lauda,1,1975,6
N. Lauda,1,1975,7
N. Lauda,2,1975,8
N. Lauda,1,1975,9
N. Lauda,8,1975,10
N. Lauda,3,1975,11
N. Lauda,6,1975,12
N. Lauda,3,1975,13
N. Lauda,1,1975,14
N. Lauda,2,1974,1
N. Lauda,,1974,2
N. Lauda,16,1974,3
N. Lauda,1,1974,4
N. Lauda,2,1974,5
N. Lauda,,1974,6
N. Lauda,,1974,7
N. Lauda,1,1974,8
N. Lauda,2,1974,9
N. Lauda,5,1974,10
N. Lauda,,1974,11
N. Lauda,,1974,12
N. Lauda,,1974,13
N. Lauda,,1974,14
N. Lauda,,1974,15
J. Stewart,3,1973,1
N. Lauda,,1973,1
J. Stewart,2,1973,2
N. Lauda,8,1973,2
J. Stewart,1,1973,3
N. Lauda,,1973,3
J. Stewart,,1973,4
N. Lauda,,1973,4
J. Stewart,1,1973,5
N. Lauda,5,1973,5
J. Stewart,1,1973,6
N. Lauda,,1973,6
J. Stewart,5,1973,7
N. Lauda,13,1973,7
J. Stewart,4,1973,8
N. Lauda,9,1973,8
J. Stewart,10,1973,9
N. Lauda,12,1973,9
J. Stewart,1,1973,10
N. Lauda,,1973,10
J. Stewart,1,1973,11
N. Lauda,,1973,11
J. Stewart,2,1973,12
J. Stewart,4,1973,13
N. Lauda,,1973,13
J. Stewart,5,1973,14
N. Lauda,,1973,14
N. Lauda,,1973,15
J. Stewart,,1973,15
J. Stewart,1,1972,1
N. Lauda,11,1972,1
N. Lauda,7,1972,2
J. Stewart,,1972,2
J. Stewart,,1972,3
N. Lauda,,1972,3
J. Stewart,4,1972,4
N. Lauda,16,1972,4
N. Lauda,12,1972,5
J. Stewart,1,1972,6
N. Lauda,,1972,6
J. Stewart,2,1972,7
N. Lauda,9,1972,7
J. Stewart,11,1972,8
N. Lauda,,1972,8
J. Stewart,7,1972,9
N. Lauda,10,1972,9
N. Lauda,13,1972,10
J. Stewart,,1972,10
J. Stewart,1,1972,11
N. Lauda,,1972,11
J. Stewart,1,1972,12
N. Lauda,19,1972,12
J. Stewart,2,1971,1
J. Stewart,1,1971,2
J. Stewart,1,1971,3
J. Stewart,11,1971,4
J. Stewart,1,1971,5
J. Stewart,1,1971,6
J. Stewart,1,1971,7
J. Stewart,,1971,8
N. Lauda,,1971,8
J. Stewart,,1971,9
J. Stewart,1,1971,10
J. Stewart,5,1971,11
J. Stewart,3,1970,1
J. Stewart,1,1970,2
J. Stewart,,1970,3
J. Stewart,,1970,4
J. Stewart,2,1970,5
J. Stewart,9,1970,6
J. Stewart,,1970,7
J. Stewart,,1970,8
S. Vettel,1,2009,17
N. Rosberg,9,2009,17
K. Räikkönen,12,2009,17
F. Alonso,14,2009,17
L. Hamilton,,2009,17
J. Stewart,,1970,9
J. Stewart,2,1970,10
J. Stewart,,1970,11
J. Stewart,,1970,12
J. Stewart,,1970,13
J. Stewart,1,1969,1
J. Stewart,1,1969,2
J. Stewart,,1969,3
J. Stewart,1,1969,4
J. Stewart,1,1969,5
J. Stewart,1,1969,6
J. Stewart,2,1969,7
J. Stewart,1,1969,8
J. Stewart,,1969,9
J. Stewart,,1969,10
J. Stewart,4,1969,11
J. Clark,1,1968,1
J. Stewart,,1968,1
J. Stewart,4,1968,4
J. Stewart,1,1968,5
J. Stewart,3,1968,6
J. Stewart,6,1968,7
J. Stewart,1,1968,8
J. Stewart,,1968,9
J. Stewart,6,1968,10
J. Stewart,1,1968,11
J. Stewart,7,1968,12
J. Clark,,1967,1
J. Stewart,,1967,1
J. Clark,,1967,2
J. Stewart,,1967,2
J. Clark,1,1967,3
J. Stewart,,1967,3
J. Stewart,2,1967,4
J. Clark,6,1967,4
J. Stewart,3,1967,5
J. Clark,,1967,5
J. Clark,1,1967,6
J. Stewart,,1967,6
J. Stewart,,1967,7
J. Clark,,1967,7
J. Clark,,1967,8
J. Stewart,,1967,8
J. Clark,3,1967,9
J. Stewart,,1967,9
J. Clark,1,1967,10
J. Stewart,,1967,10
J. Clark,1,1967,11
J. Stewart,,1967,11
J. Stewart,1,1966,1
J. Clark,,1966,1
J. Stewart,,1966,2
J. Clark,,1966,2
J. Clark,4,1966,4
J. Stewart,,1966,4
J. Clark,3,1966,5
J. Stewart,4,1966,5
J. Stewart,5,1966,6
J. Clark,,1966,6
J. Clark,,1966,7
J. Stewart,,1966,7
J. Clark,1,1966,8
J. Stewart,,1966,8
J. Stewart,,1966,9
J. Clark,,1966,9
J. Clark,1,1965,1
J. Stewart,6,1965,1
J. Stewart,3,1965,2
J. Clark,1,1965,3
J. Stewart,2,1965,3
J. Clark,1,1965,4
J. Stewart,2,1965,4
J. Clark,1,1965,5
J. Stewart,5,1965,5
J. Clark,1,1965,6
J. Stewart,2,1965,6
J. Clark,1,1965,7
J. Stewart,,1965,7
J. Stewart,1,1965,8
J. Clark,10,1965,8
J. Stewart,,1965,9
J. Clark,,1965,9
J. Stewart,,1965,10
J. Clark,,1965,10
J. Clark,4,1964,1
J. Clark,1,1964,2
J. Clark,1,1964,3
J. Clark,,1964,4
J. Clark,1,1964,5
J. Clark,,1964,6
J. Clark,,1964,7
J. Clark,15,1964,8
J. Clark,7,1964,9
J. Clark,5,1964,10
J. Clark,8,1963,1
J. Clark,1,1963,2
J. Clark,1,1963,3
J. Clark,1,1963,4
J. Clark,1,1963,5
J. Clark,2,1963,6
J. Clark,1,1963,7
J. Clark,3,1963,8
J. Clark,1,1963,9
J. Clark,9,1962,1
J. Clark,,1962,2
J. Clark,1,1962,3
J. Clark,,1962,4
J. Clark,1,1962,5
J. Clark,4,1962,6
J. Clark,,1962,7
J. Clark,1,1962,8
J. Clark,,1962,9
J. Clark,10,1961,1
J. Clark,3,1961,2
J. Clark,12,1961,3
J. Clark,3,1961,4
J. Clark,,1961,5
J. Clark,4,1961,6
J. Clark,,1961,7
J. Clark,7,1961,8
J. Clark,,1960,4
J. Clark,5,1960,5
J. Clark,5,1960,6
J. Clark,16,1960,7
J. Clark,3,1960,8
J. Clark,16,1960,10
J. Fangio,4,1958,1
J. Fangio,4,1958,6
J. Fangio,1,1957,1
J. Fangio,1,1957,2
J. Fangio,1,1957,4
J. Fangio,,1957,5
J. Fangio,1,1957,6
J. Fangio,2,1957,7
J. Fangio,2,1957,8
J. Fangio,,1956,1
J. Fangio,4,1956,2
J. Fangio,,1956,4
J. Fangio,4,1956,5
J. Fangio,1,1956,6
J. Fangio,1,1956,7
J. Fangio,8,1956,8
J. Fangio,1,1955,1
J. Fangio,,1955,2
J. Fangio,1,1955,4
J. Fangio,1,1955,5
J. Fangio,2,1955,6
J. Fangio,1,1955,7
J. Fangio,1,1954,1
J. Fangio,1,1954,3
J. Fangio,1,1954,4
J. Fangio,4,1954,5
J. Fangio,1,1954,6
J. Fangio,1,1954,7
J. Fangio,1,1954,8
J. Fangio,3,1954,9
J. Fangio,,1953,1
J. Fangio,,1953,3
J. Fangio,,1953,4
J. Fangio,2,1953,5
J. Fangio,2,1953,6
J. Fangio,2,1953,7
J. Fangio,4,1953,8
J. Fangio,1,1953,9
J. Fangio,1,1951,1
J. Fangio,9,1951,3
J. Fangio,11,1951,4
J. Fangio,2,1951,5
J. Fangio,2,1951,6
J. Fangio,,1951,7
J. Fangio,1,1951,8
J. Fangio,,1950,1
J. Fangio,1,1950,2
J. Fangio,,1950,4
J. Fangio,1,1950,5
J. Fangio,1,1950,6
J. Fangio,,1950,7
J. Fangio,,1950,7
J. Fangio,1,1951,4
J. Fangio,,1953,4
J. Fangio,,1953,8
J. Fangio,1,1956,1
J. Fangio,2,1956,2
J. Fangio,2,1956,8
J. Clark,1,1963,10
F. Alonso,1,2010,1
L. Hamilton,3,2010,1
S. Vettel,4,2010,1
N. Rosberg,5,2010,1
M. Schumacher,6,2010,1
F. Alonso,4,2010,2
N. Rosberg,5,2010,2
L. Hamilton,6,2010,2
M. Schumacher,10,2010,2
S. Vettel,,2010,2
S. Vettel,1,2010,3
N. Rosberg,3,2010,3
L. Hamilton,6,2010,3
F. Alonso,13,2010,3
M. Schumacher,,2010,3
L. Hamilton,2,2010,4
N. Rosberg,3,2010,4
F. Alonso,4,2010,4
S. Vettel,6,2010,4
M. Schumacher,10,2010,4
F. Alonso,2,2010,5
S. Vettel,3,2010,5
M. Schumacher,4,2010,5
N. Rosberg,13,2010,5
L. Hamilton,14,2010,5
S. Vettel,2,2010,6
L. Hamilton,5,2010,6
F. Alonso,6,2010,6
N. Rosberg,7,2010,6
M. Schumacher,12,2010,6
L. Hamilton,1,2010,7
M. Schumacher,4,2010,7
N. Rosberg,5,2010,7
F. Alonso,8,2010,7
S. Vettel,,2010,7
L. Hamilton,1,2010,8
F. Alonso,3,2010,8
S. Vettel,4,2010,8
N. Rosberg,6,2010,8
M. Schumacher,11,2010,8
S. Vettel,1,2010,9
L. Hamilton,2,2010,9
F. Alonso,8,2010,9
N. Rosberg,10,2010,9
M. Schumacher,15,2010,9
L. Hamilton,2,2010,10
N. Rosberg,3,2010,10
S. Vettel,7,2010,10
M. Schumacher,9,2010,10
F. Alonso,14,2010,10
F. Alonso,1,2010,11
S. Vettel,3,2010,11
L. Hamilton,4,2010,11
N. Rosberg,8,2010,11
M. Schumacher,9,2010,11
F. Alonso,2,2010,12
S. Vettel,3,2010,12
M. Schumacher,11,2010,12
L. Hamilton,,2010,12
N. Rosberg,,2010,12
L. Hamilton,1,2010,13
N. Rosberg,6,2010,13
M. Schumacher,7,2010,13
S. Vettel,15,2010,13
F. Alonso,,2010,13
F. Alonso,1,2010,14
S. Vettel,4,2010,14
N. Rosberg,5,2010,14
M. Schumacher,9,2010,14
L. Hamilton,,2010,14
F. Alonso,1,2010,15
S. Vettel,2,2010,15
N. Rosberg,5,2010,15
M. Schumacher,13,2010,15
L. Hamilton,,2010,15
S. Vettel,1,2010,16
F. Alonso,3,2010,16
L. Hamilton,5,2010,16
M. Schumacher,6,2010,16
N. Rosberg,,2010,16
F. Alonso,1,2010,17
L. Hamilton,2,2010,17
M. Schumacher,4,2010,17
S. Vettel,,2010,17
N. Rosberg,,2010,17
S. Vettel,1,2010,18
F. Alonso,3,2010,18
L. Hamilton,4,2010,18
N. Rosberg,6,2010,18
M. Schumacher,7,2010,18
S. Vettel,1,2010,19
L. Hamilton,2,2010,19
N. Rosberg,4,2010,19
F. Alonso,7,2010,19
M. Schumacher,,2010,19
S. Vettel,1,2011,1
L. Hamilton,2,2011,1
F. Alonso,4,2011,1
N. Rosberg,,2011,1
M. Schumacher,,2011,1
S. Vettel,1,2011,2
F. Alonso,6,2011,2
L. Hamilton,8,2011,2
M. Schumacher,9,2011,2
N. Rosberg,12,2011,2
L. Hamilton,1,2011,3
S. Vettel,2,2011,3
N. Rosberg,5,2011,3
F. Alonso,7,2011,3
M. Schumacher,8,2011,3
S. Vettel,1,2011,4
F. Alonso,3,2011,4
L. Hamilton,4,2011,4
N. Rosberg,5,2011,4
M. Schumacher,12,2011,4
S. Vettel,1,2011,5
L. Hamilton,2,2011,5
F. Alonso,5,2011,5
M. Schumacher,6,2011,5
N. Rosberg,7,2011,5
S. Vettel,1,2011,6
F. Alonso,2,2011,6
L. Hamilton,6,2011,6
N. Rosberg,11,2011,6
M. Schumacher,,2011,6
S. Vettel,2,2011,7
M. Schumacher,4,2011,7
N. Rosberg,11,2011,7
F. Alonso,,2011,7
L. Hamilton,,2011,7
S. Vettel,1,2011,8
F. Alonso,2,2011,8
L. Hamilton,4,2011,8
N. Rosberg,7,2011,8
M. Schumacher,17,2011,8
F. Alonso,1,2011,9
S. Vettel,2,2011,9
L. Hamilton,4,2011,9
N. Rosberg,6,2011,9
M. Schumacher,9,2011,9
L. Hamilton,1,2011,10
F. Alonso,2,2011,10
S. Vettel,4,2011,10
N. Rosberg,7,2011,10
M. Schumacher,8,2011,10
S. Vettel,2,2011,11
F. Alonso,3,2011,11
L. Hamilton,4,2011,11
N. Rosberg,9,2011,11
M. Schumacher,,2011,11
S. Vettel,1,2011,12
F. Alonso,4,2011,12
M. Schumacher,5,2011,12
N. Rosberg,6,2011,12
L. Hamilton,,2011,12
S. Vettel,1,2011,13
F. Alonso,3,2011,13
L. Hamilton,4,2011,13
M. Schumacher,5,2011,13
N. Rosberg,,2011,13
S. Vettel,1,2011,14
F. Alonso,4,2011,14
L. Hamilton,5,2011,14
N. Rosberg,7,2011,14
M. Schumacher,,2011,14
F. Alonso,2,2011,15
S. Vettel,3,2011,15
L. Hamilton,5,2011,15
M. Schumacher,6,2011,15
N. Rosberg,10,2011,15
S. Vettel,1,2011,16
L. Hamilton,2,2011,16
F. Alonso,5,2011,16
N. Rosberg,8,2011,16
M. Schumacher,,2011,16
S. Vettel,1,2011,17
F. Alonso,3,2011,17
M. Schumacher,5,2011,17
N. Rosberg,6,2011,17
L. Hamilton,7,2011,17
L. Hamilton,1,2011,18
F. Alonso,2,2011,18
N. Rosberg,6,2011,18
M. Schumacher,7,2011,18
S. Vettel,,2011,18
S. Vettel,2,2011,19
F. Alonso,4,2011,19
N. Rosberg,7,2011,19
M. Schumacher,15,2011,19
L. Hamilton,,2011,19
S. Vettel,2,2012,1
L. Hamilton,3,2012,1
F. Alonso,5,2012,1
K. Räikkönen,7,2012,1
N. Rosberg,12,2012,1
M. Schumacher,,2012,1
F. Alonso,1,2012,2
L. Hamilton,3,2012,2
K. Räikkönen,5,2012,2
M. Schumacher,10,2012,2
S. Vettel,11,2012,2
N. Rosberg,13,2012,2
N. Rosberg,1,2012,3
L. Hamilton,3,2012,3
S. Vettel,5,2012,3
F. Alonso,9,2012,3
K. Räikkönen,14,2012,3
M. Schumacher,,2012,3
S. Vettel,1,2012,4
K. Räikkönen,2,2012,4
N. Rosberg,5,2012,4
F. Alonso,7,2012,4
L. Hamilton,8,2012,4
M. Schumacher,10,2012,4
F. Alonso,2,2012,5
K. Räikkönen,3,2012,5
S. Vettel,6,2012,5
N. Rosberg,7,2012,5
L. Hamilton,8,2012,5
M. Schumacher,,2012,5
N. Rosberg,2,2012,6
F. Alonso,3,2012,6
S. Vettel,4,2012,6
L. Hamilton,5,2012,6
K. Räikkönen,9,2012,6
M. Schumacher,,2012,6
L. Hamilton,1,2012,7
S. Vettel,4,2012,7
F. Alonso,5,2012,7
N. Rosberg,6,2012,7
K. Räikkönen,8,2012,7
M. Schumacher,,2012,7
F. Alonso,1,2012,8
K. Räikkönen,2,2012,8
M. Schumacher,3,2012,8
N. Rosberg,6,2012,8
L. Hamilton,19,2012,8
S. Vettel,,2012,8
F. Alonso,2,2012,9
S. Vettel,3,2012,9
K. Räikkönen,5,2012,9
M. Schumacher,7,2012,9
L. Hamilton,8,2012,9
N. Rosberg,15,2012,9
F. Alonso,1,2012,10
K. Räikkönen,3,2012,10
S. Vettel,5,2012,10
M. Schumacher,7,2012,10
N. Rosberg,10,2012,10
L. Hamilton,,2012,10
L. Hamilton,1,2012,11
K. Räikkönen,2,2012,11
S. Vettel,4,2012,11
F. Alonso,5,2012,11
N. Rosberg,10,2012,11
M. Schumacher,,2012,11
S. Vettel,2,2012,12
K. Räikkönen,3,2012,12
M. Schumacher,7,2012,12
N. Rosberg,11,2012,12
F. Alonso,,2012,12
L. Hamilton,,2012,12
L. Hamilton,1,2012,13
F. Alonso,3,2012,13
K. Räikkönen,5,2012,13
M. Schumacher,6,2012,13
N. Rosberg,7,2012,13
S. Vettel,22,2012,13
S. Vettel,1,2012,14
F. Alonso,3,2012,14
N. Rosberg,5,2012,14
K. Räikkönen,6,2012,14
M. Schumacher,,2012,14
L. Hamilton,,2012,14
S. Vettel,1,2012,15
L. Hamilton,5,2012,15
K. Räikkönen,6,2012,15
M. Schumacher,11,2012,15
F. Alonso,,2012,15
N. Rosberg,,2012,15
S. Vettel,1,2012,16
F. Alonso,3,2012,16
K. Räikkönen,5,2012,16
L. Hamilton,10,2012,16
M. Schumacher,13,2012,16
N. Rosberg,,2012,16
S. Vettel,1,2012,17
F. Alonso,2,2012,17
L. Hamilton,4,2012,17
K. Räikkönen,7,2012,17
N. Rosberg,11,2012,17
M. Schumacher,22,2012,17
K. Räikkönen,1,2012,18
F. Alonso,2,2012,18
S. Vettel,3,2012,18
M. Schumacher,11,2012,18
L. Hamilton,,2012,18
N. Rosberg,,2012,18
L. Hamilton,1,2012,19
S. Vettel,2,2012,19
F. Alonso,3,2012,19
K. Räikkönen,6,2012,19
N. Rosberg,13,2012,19
M. Schumacher,16,2012,19
F. Alonso,2,2012,20
S. Vettel,6,2012,20
M. Schumacher,7,2012,20
K. Räikkönen,10,2012,20
N. Rosberg,15,2012,20
L. Hamilton,,2012,20
K. Räikkönen,1,2013,1
F. Alonso,2,2013,1
S. Vettel,3,2013,1
L. Hamilton,5,2013,1
N. Rosberg,,2013,1
S. Vettel,1,2013,2
L. Hamilton,3,2013,2
N. Rosberg,4,2013,2
K. Räikkönen,7,2013,2
F. Alonso,,2013,2
F. Alonso,1,2013,3
K. Räikkönen,2,2013,3
L. Hamilton,3,2013,3
S. Vettel,4,2013,3
N. Rosberg,,2013,3
S. Vettel,1,2013,4
K. Räikkönen,2,2013,4
L. Hamilton,5,2013,4
F. Alonso,8,2013,4
N. Rosberg,9,2013,4
F. Alonso,1,2013,5
K. Räikkönen,2,2013,5
S. Vettel,4,2013,5
N. Rosberg,6,2013,5
L. Hamilton,12,2013,5
N. Rosberg,1,2013,6
S. Vettel,2,2013,6
L. Hamilton,4,2013,6
F. Alonso,7,2013,6
K. Räikkönen,10,2013,6
S. Vettel,1,2013,7
F. Alonso,2,2013,7
L. Hamilton,3,2013,7
N. Rosberg,5,2013,7
K. Räikkönen,9,2013,7
N. Rosberg,1,2013,8
F. Alonso,3,2013,8
L. Hamilton,4,2013,8
K. Räikkönen,5,2013,8
S. Vettel,,2013,8
S. Vettel,1,2013,9
K. Räikkönen,2,2013,9
F. Alonso,4,2013,9
L. Hamilton,5,2013,9
N. Rosberg,9,2013,9
L. Hamilton,1,2013,10
K. Räikkönen,2,2013,10
S. Vettel,3,2013,10
F. Alonso,5,2013,10
N. Rosberg,19,2013,10
S. Vettel,1,2013,11
F. Alonso,2,2013,11
L. Hamilton,3,2013,11
N. Rosberg,4,2013,11
K. Räikkönen,,2013,11
S. Vettel,1,2013,12
F. Alonso,2,2013,12
N. Rosberg,6,2013,12
L. Hamilton,9,2013,12
K. Räikkönen,11,2013,12
S. Vettel,1,2013,13
F. Alonso,2,2013,13
K. Räikkönen,3,2013,13
N. Rosberg,4,2013,13
L. Hamilton,5,2013,13
S. Vettel,1,2013,14
K. Räikkönen,2,2013,14
L. Hamilton,5,2013,14
F. Alonso,6,2013,14
N. Rosberg,7,2013,14
S. Vettel,1,2013,15
F. Alonso,4,2013,15
K. Räikkönen,5,2013,15
N. Rosberg,8,2013,15
L. Hamilton,,2013,15
S. Vettel,1,2013,16
N. Rosberg,2,2013,16
L. Hamilton,6,2013,16
K. Räikkönen,7,2013,16
F. Alonso,11,2013,16
S. Vettel,1,2013,17
N. Rosberg,3,2013,17
F. Alonso,5,2013,17
L. Hamilton,7,2013,17
K. Räikkönen,,2013,17
S. Vettel,1,2013,18
L. Hamilton,4,2013,18
F. Alonso,5,2013,18
N. Rosberg,9,2013,18
S. Vettel,1,2013,19
F. Alonso,3,2013,19
N. Rosberg,5,2013,19
L. Hamilton,9,2013,19
N. Rosberg,1,2014,1
F. Alonso,4,2014,1
K. Räikkönen,7,2014,1
S. Vettel,,2014,1
L. Hamilton,,2014,1
L. Hamilton,1,2014,2
N. Rosberg,2,2014,2
S. Vettel,3,2014,2
F. Alonso,4,2014,2
K. Räikkönen,12,2014,2
L. Hamilton,1,2014,3
N. Rosberg,2,2014,3
S. Vettel,6,2014,3
F. Alonso,9,2014,3
K. Räikkönen,10,2014,3
L. Hamilton,1,2014,4
N. Rosberg,2,2014,4
F. Alonso,3,2014,4
S. Vettel,5,2014,4
K. Räikkönen,8,2014,4
L. Hamilton,1,2014,5
N. Rosberg,2,2014,5
S. Vettel,4,2014,5
F. Alonso,6,2014,5
K. Räikkönen,7,2014,5
N. Rosberg,1,2014,6
L. Hamilton,2,2014,6
F. Alonso,4,2014,6
K. Räikkönen,12,2014,6
S. Vettel,,2014,6
N. Rosberg,2,2014,7
S. Vettel,3,2014,7
F. Alonso,6,2014,7
K. Räikkönen,10,2014,7
L. Hamilton,,2014,7
N. Rosberg,1,2014,8
L. Hamilton,2,2014,8
F. Alonso,5,2014,8
K. Räikkönen,10,2014,8
S. Vettel,,2014,8
L. Hamilton,1,2014,9
S. Vettel,5,2014,9
F. Alonso,6,2014,9
N. Rosberg,,2014,9
K. Räikkönen,,2014,9
N. Rosberg,1,2014,10
L. Hamilton,3,2014,10
S. Vettel,4,2014,10
F. Alonso,5,2014,10
K. Räikkönen,11,2014,10
F. Alonso,2,2014,11
L. Hamilton,3,2014,11
N. Rosberg,4,2014,11
K. Räikkönen,6,2014,11
S. Vettel,7,2014,11
N. Rosberg,2,2014,12
K. Räikkönen,4,2014,12
S. Vettel,5,2014,12
F. Alonso,7,2014,12
L. Hamilton,,2014,12
L. Hamilton,1,2014,13
N. Rosberg,2,2014,13
S. Vettel,6,2014,13
K. Räikkönen,9,2014,13
F. Alonso,,2014,13
L. Hamilton,1,2014,14
S. Vettel,2,2014,14
F. Alonso,4,2014,14
K. Räikkönen,8,2014,14
N. Rosberg,,2014,14
L. Hamilton,1,2014,15
N. Rosberg,2,2014,15
S. Vettel,3,2014,15
K. Räikkönen,12,2014,15
F. Alonso,,2014,15
L. Hamilton,1,2014,16
N. Rosberg,2,2014,16
F. Alonso,6,2014,16
S. Vettel,8,2014,16
K. Räikkönen,9,2014,16
L. Hamilton,1,2014,17
N. Rosberg,2,2014,17
F. Alonso,6,2014,17
S. Vettel,7,2014,17
K. Räikkönen,13,2014,17
N. Rosberg,1,2014,18
L. Hamilton,2,2014,18
S. Vettel,5,2014,18
F. Alonso,6,2014,18
K. Räikkönen,7,2014,18
L. Hamilton,1,2014,19
S. Vettel,8,2014,19
F. Alonso,9,2014,19
K. Räikkönen,10,2014,19
N. Rosberg,14,2014,19
L. Hamilton,1,2015,1
N. Rosberg,2,2015,1
S. Vettel,3,2015,1
K. Räikkönen,,2015,1
S. Vettel,1,2015,2
L. Hamilton,2,2015,2
N. Rosberg,3,2015,2
K. Räikkönen,4,2015,2
F. Alonso,,2015,2
L. Hamilton,1,2015,3
N. Rosberg,2,2015,3
S. Vettel,3,2015,3
K. Räikkönen,4,2015,3
F. Alonso,12,2015,3
L. Hamilton,1,2015,4
K. Räikkönen,2,2015,4
N. Rosberg,3,2015,4
S. Vettel,5,2015,4
F. Alonso,11,2015,4
N. Rosberg,1,2015,5
L. Hamilton,2,2015,5
S. Vettel,3,2015,5
K. Räikkönen,5,2015,5
F. Alonso,,2015,5
N. Rosberg,1,2015,6
S. Vettel,2,2015,6
L. Hamilton,3,2015,6
K. Räikkönen,6,2015,6
F. Alonso,,2015,6
L. Hamilton,1,2015,7
N. Rosberg,2,2015,7
K. Räikkönen,4,2015,7
S. Vettel,5,2015,7
F. Alonso,,2015,7
N. Rosberg,1,2015,8
L. Hamilton,2,2015,8
S. Vettel,4,2015,8
K. Räikkönen,,2015,8
F. Alonso,,2015,8
L. Hamilton,1,2015,9
N. Rosberg,2,2015,9
S. Vettel,3,2015,9
K. Räikkönen,8,2015,9
F. Alonso,10,2015,9
S. Vettel,1,2015,10
F. Alonso,5,2015,10
L. Hamilton,6,2015,10
N. Rosberg,8,2015,10
K. Räikkönen,,2015,10
L. Hamilton,1,2015,11
N. Rosberg,2,2015,11
K. Räikkönen,7,2015,11
S. Vettel,12,2015,11
F. Alonso,13,2015,11
L. Hamilton,1,2015,12
S. Vettel,2,2015,12
K. Räikkönen,5,2015,12
N. Rosberg,17,2015,12
F. Alonso,18,2015,12
S. Vettel,1,2015,13
K. Räikkönen,3,2015,13
N. Rosberg,4,2015,13
F. Alonso,,2015,13
L. Hamilton,,2015,13
L. Hamilton,1,2015,14
N. Rosberg,2,2015,14
S. Vettel,3,2015,14
K. Räikkönen,4,2015,14
F. Alonso,11,2015,14
L. Hamilton,1,2015,15
S. Vettel,2,2015,15
K. Räikkönen,8,2015,15
F. Alonso,11,2015,15
N. Rosberg,,2015,15
L. Hamilton,1,2015,16
N. Rosberg,2,2015,16
S. Vettel,3,2015,16
F. Alonso,11,2015,16
K. Räikkönen,,2015,16
N. Rosberg,1,2015,17
L. Hamilton,2,2015,17
S. Vettel,,2015,17
K. Räikkönen,,2015,17
F. Alonso,,2015,17
N. Rosberg,1,2015,18
L. Hamilton,2,2015,18
S. Vettel,3,2015,18
K. Räikkönen,4,2015,18
F. Alonso,15,2015,18
N. Rosberg,1,2015,19
L. Hamilton,2,2015,19
K. Räikkönen,3,2015,19
S. Vettel,4,2015,19
F. Alonso,17,2015,19
N. Rosberg,1,2016,1
L. Hamilton,2,2016,1
S. Vettel,3,2016,1
K. Räikkönen,,2016,1
F. Alonso,,2016,1
N. Rosberg,1,2016,2
K. Räikkönen,2,2016,2
L. Hamilton,3,2016,2
S. Vettel,,2016,2
N. Rosberg,1,2016,3
S. Vettel,2,2016,3
K. Räikkönen,5,2016,3
L. Hamilton,7,2016,3
F. Alonso,12,2016,3
N. Rosberg,1,2016,4
L. Hamilton,2,2016,4
K. Räikkönen,3,2016,4
F. Alonso,6,2016,4
S. Vettel,,2016,4
K. Räikkönen,2,2016,5
S. Vettel,3,2016,5
F. Alonso,,2016,5
L. Hamilton,,2016,5
N. Rosberg,,2016,5
L. Hamilton,1,2016,6
S. Vettel,4,2016,6
F. Alonso,5,2016,6
N. Rosberg,7,2016,6
K. Räikkönen,,2016,6
L. Hamilton,1,2016,7
S. Vettel,2,2016,7
N. Rosberg,5,2016,7
K. Räikkönen,6,2016,7
F. Alonso,11,2016,7
N. Rosberg,1,2016,8
S. Vettel,2,2016,8
K. Räikkönen,4,2016,8
L. Hamilton,5,2016,8
F. Alonso,,2016,8
L. Hamilton,1,2016,9
K. Räikkönen,3,2016,9
N. Rosberg,4,2016,9
F. Alonso,18,2016,9
S. Vettel,,2016,9
L. Hamilton,1,2016,10
N. Rosberg,3,2016,10
K. Räikkönen,5,2016,10
S. Vettel,9,2016,10
F. Alonso,13,2016,10
L. Hamilton,1,2016,11
N. Rosberg,2,2016,11
S. Vettel,4,2016,11
K. Räikkönen,6,2016,11
F. Alonso,7,2016,11
L. Hamilton,1,2016,12
N. Rosberg,4,2016,12
S. Vettel,5,2016,12
K. Räikkönen,6,2016,12
F. Alonso,12,2016,12
N. Rosberg,1,2016,13
L. Hamilton,3,2016,13
S. Vettel,6,2016,13
F. Alonso,7,2016,13
K. Räikkönen,9,2016,13
N. Rosberg,1,2016,14
L. Hamilton,2,2016,14
S. Vettel,3,2016,14
K. Räikkönen,4,2016,14
F. Alonso,14,2016,14
N. Rosberg,1,2016,15
L. Hamilton,3,2016,15
K. Räikkönen,4,2016,15
S. Vettel,5,2016,15
F. Alonso,7,2016,15
N. Rosberg,3,2016,16
K. Räikkönen,4,2016,16
F. Alonso,7,2016,16
L. Hamilton,,2016,16
S. Vettel,,2016,16
N. Rosberg,1,2016,17
L. Hamilton,3,2016,17
S. Vettel,4,2016,17
K. Räikkönen,5,2016,17
F. Alonso,16,2016,17
L. Hamilton,1,2016,18
N. Rosberg,2,2016,18
S. Vettel,4,2016,18
F. Alonso,5,2016,18
K. Räikkönen,,2016,18
L. Hamilton,1,2016,19
N. Rosberg,2,2016,19
S. Vettel,5,2016,19
K. Räikkönen,6,2016,19
F. Alonso,13,2016,19
L. Hamilton,1,2016,20
N. Rosberg,2,2016,20
S. Vettel,5,2016,20
F. Alonso,10,2016,20
K. Räikkönen,,2016,20
L. Hamilton,1,2016,21
N. Rosberg,2,2016,21
S. Vettel,3,2016,21
K. Räikkönen,6,2016,21
F. Alonso,10,2016,21
S. Vettel,1,2017,1
L. Hamilton,2,2017,1
K. Räikkönen,4,2017,1
F. Alonso,,2017,1
L. Hamilton,1,2017,2
S. Vettel,2,2017,2
K. Räikkönen,5,2017,2
F. Alonso,,2017,2
S. Vettel,1,2017,3
L. Hamilton,2,2017,3
K. Räikkönen,4,2017,3
F. Alonso,14,2017,3
S. Vettel,2,2017,4
K. Räikkönen,3,2017,4
L. Hamilton,4,2017,4
F. Alonso,,2017,4
L. Hamilton,1,2017,5
S. Vettel,2,2017,5
F. Alonso,12,2017,5
K. Räikkönen,,2017,5
S. Vettel,1,2017,6
K. Räikkönen,2,2017,6
L. Hamilton,7,2017,6
L. Hamilton,1,2017,7
S. Vettel,4,2017,7
K. Räikkönen,7,2017,7
F. Alonso,16,2017,7
S. Vettel,4,2017,8
L. Hamilton,5,2017,8
F. Alonso,9,2017,8
K. Räikkönen,14,2017,8
S. Vettel,2,2017,9
L. Hamilton,4,2017,9
K. Räikkönen,5,2017,9
F. Alonso,,2017,9
L. Hamilton,1,2017,10
K. Räikkönen,3,2017,10
S. Vettel,7,2017,10
F. Alonso,,2017,10
S. Vettel,1,2017,11
K. Räikkönen,2,2017,11
L. Hamilton,4,2017,11
F. Alonso,6,2017,11
L. Hamilton,1,2017,12
S. Vettel,2,2017,12
K. Räikkönen,4,2017,12
F. Alonso,,2017,12
L. Hamilton,1,2017,13
S. Vettel,3,2017,13
K. Räikkönen,5,2017,13
F. Alonso,17,2017,13
L. Hamilton,1,2017,14
F. Alonso,,2017,14
S. Vettel,,2017,14
K. Räikkönen,,2017,14
L. Hamilton,2,2017,15
S. Vettel,4,2017,15
F. Alonso,11,2017,15
K. Räikkönen,,2017,15
L. Hamilton,1,2017,16
K. Räikkönen,5,2017,16
F. Alonso,11,2017,16
S. Vettel,,2017,16
L. Hamilton,1,2017,17
S. Vettel,2,2017,17
K. Räikkönen,3,2017,17
F. Alonso,,2017,17
K. Räikkönen,3,2017,18
S. Vettel,4,2017,18
L. Hamilton,9,2017,18
F. Alonso,10,2017,18
S. Vettel,1,2017,19
K. Räikkönen,3,2017,19
L. Hamilton,4,2017,19
F. Alonso,8,2017,19
L. Hamilton,2,2017,20
S. Vettel,3,2017,20
K. Räikkönen,4,2017,20
F. Alonso,9,2017,20
S. Vettel,1,2018,1
L. Hamilton,2,2018,1
K. Räikkönen,3,2018,1
F. Alonso,5,2018,1
S. Vettel,1,2018,2
L. Hamilton,3,2018,2
F. Alonso,7,2018,2
K. Räikkönen,,2018,2
K. Räikkönen,3,2018,3
L. Hamilton,4,2018,3
F. Alonso,7,2018,3
S. Vettel,8,2018,3
L. Hamilton,1,2018,4
K. Räikkönen,2,2018,4
S. Vettel,4,2018,4
F. Alonso,7,2018,4
L. Hamilton,1,2018,5
S. Vettel,4,2018,5
F. Alonso,8,2018,5
K. Räikkönen,,2018,5
S. Vettel,2,2018,6
L. Hamilton,3,2018,6
K. Räikkönen,4,2018,6
F. Alonso,,2018,6
S. Vettel,1,2018,7
L. Hamilton,5,2018,7
K. Räikkönen,6,2018,7
F. Alonso,,2018,7
L. Hamilton,1,2018,8
K. Räikkönen,3,2018,8
S. Vettel,5,2018,8
F. Alonso,16,2018,8
K. Räikkönen,2,2018,9
S. Vettel,3,2018,9
F. Alonso,8,2018,9
L. Hamilton,,2018,9
S. Vettel,1,2018,10
L. Hamilton,2,2018,10
K. Räikkönen,3,2018,10
F. Alonso,8,2018,10
L. Hamilton,1,2018,11
K. Räikkönen,3,2018,11
F. Alonso,16,2018,11
S. Vettel,,2018,11
L. Hamilton,1,2018,12
S. Vettel,2,2018,12
K. Räikkönen,3,2018,12
F. Alonso,8,2018,12
S. Vettel,1,2018,13
L. Hamilton,2,2018,13
K. Räikkönen,,2018,13
F. Alonso,,2018,13
L. Hamilton,1,2018,14
K. Räikkönen,2,2018,14
S. Vettel,4,2018,14
F. Alonso,,2018,14
L. Hamilton,1,2018,15
S. Vettel,3,2018,15
K. Räikkönen,5,2018,15
F. Alonso,7,2018,15
L. Hamilton,1,2018,16
S. Vettel,3,2018,16
K. Räikkönen,4,2018,16
F. Alonso,14,2018,16
L. Hamilton,1,2018,17
K. Räikkönen,5,2018,17
S. Vettel,6,2018,17
F. Alonso,14,2018,17
K. Räikkönen,1,2018,18
L. Hamilton,3,2018,18
S. Vettel,4,2018,18
F. Alonso,,2018,18
S. Vettel,2,2018,19
K. Räikkönen,3,2018,19
L. Hamilton,4,2018,19
F. Alonso,,2018,19
L. Hamilton,1,2018,20
K. Räikkönen,3,2018,20
S. Vettel,6,2018,20
F. Alonso,17,2018,20
L. Hamilton,1,2018,21
S. Vettel,2,2018,21
F. Alonso,11,2018,21
K. Räikkönen,,2018,21
L. Hamilton,2,2019,1
S. Vettel,4,2019,1
K. Räikkönen,8,2019,1
L. Hamilton,1,2019,2
S. Vettel,5,2019,2
K. Räikkönen,7,2019,2
L. Hamilton,1,2019,3
S. Vettel,3,2019,3
K. Räikkönen,9,2019,3
L. Hamilton,2,2019,4
S. Vettel,3,2019,4
K. Räikkönen,10,2019,4
L. Hamilton,1,2019,5
S. Vettel,4,2019,5
K. Räikkönen,14,2019,5
J. Clark,,1964,9
L. Hamilton,1,2019,6
S. Vettel,2,2019,6
K. Räikkönen,17,2019,6
L. Hamilton,1,2019,7
S. Vettel,2,2019,7
K. Räikkönen,15,2019,7
L. Hamilton,1,2019,8
S. Vettel,5,2019,8
K. Räikkönen,7,2019,8
S. Vettel,4,2019,9
L. Hamilton,5,2019,9
K. Räikkönen,9,2019,9
L. Hamilton,1,2019,10
K. Räikkönen,8,2019,10
S. Vettel,16,2019,10
S. Vettel,2,2019,11
L. Hamilton,9,2019,11
K. Räikkönen,12,2019,11
L. Hamilton,1,2019,12
S. Vettel,3,2019,12
K. Räikkönen,7,2019,12
L. Hamilton,2,2019,13
S. Vettel,4,2019,13
K. Räikkönen,16,2019,13
L. Hamilton,3,2019,14
S. Vettel,13,2019,14
K. Räikkönen,15,2019,14
S. Vettel,1,2019,15
L. Hamilton,4,2019,15
K. Räikkönen,,2019,15
L. Hamilton,1,2019,16
K. Räikkönen,13,2019,16
S. Vettel,,2019,16
S. Vettel,2,2019,17
L. Hamilton,3,2019,17
K. Räikkönen,12,2019,17
L. Hamilton,1,2019,18
S. Vettel,2,2019,18
K. Räikkönen,,2019,18
L. Hamilton,2,2019,19
K. Räikkönen,11,2019,19
S. Vettel,,2019,19
K. Räikkönen,4,2019,20
L. Hamilton,7,2019,20
S. Vettel,17,2019,20
L. Hamilton,1,2019,21
S. Vettel,5,2019,21
K. Räikkönen,13,2019,21
L. Hamilton,4,2020,1
S. Vettel,10,2020,1
K. Räikkönen,,2020,1
L. Hamilton,1,2020,2
K. Räikkönen,11,2020,2
S. Vettel,,2020,2
L. Hamilton,1,2020,3
S. Vettel,6,2020,3
K. Räikkönen,15,2020,3
L. Hamilton,1,2020,4
S. Vettel,10,2020,4
K. Räikkönen,17,2020,4
L. Hamilton,2,2020,5
S. Vettel,12,2020,5
K. Räikkönen,15,2020,5
L. Hamilton,1,2020,6
S. Vettel,7,2020,6
K. Räikkönen,14,2020,6
L. Hamilton,1,2020,7
K. Räikkönen,12,2020,7
S. Vettel,13,2020,7
L. Hamilton,7,2020,8
K. Räikkönen,13,2020,8
S. Vettel,,2020,8
L. Hamilton,1,2020,9
K. Räikkönen,9,2020,9
S. Vettel,10,2020,9
L. Hamilton,3,2020,10
S. Vettel,13,2020,10
K. Räikkönen,14,2020,10
L. Hamilton,1,2020,11
S. Vettel,11,2020,11
K. Räikkönen,12,2020,11
